file,line,type,commit,author,date,time,timezone,datetime,depth,length
style.css,1,css,772ba546,Nimisha Mishra,2026-04-01,15:33:22,-07:00,2026-04-01T15:33:22-07:00,0,4
style.css,2,css,772ba546,Nimisha Mishra,2026-04-01,15:33:22,-07:00,2026-04-01T15:33:22-07:00,1,23
style.css,3,css,b6bd3730,Nimisha Mishra,2026-04-10,13:28:43,-07:00,2026-04-10T13:28:43-07:00,1,15
style.css,4,css,b6bd3730,Nimisha Mishra,2026-04-10,13:28:43,-07:00,2026-04-10T13:28:43-07:00,1,42
style.css,5,css,80b8abb4,Nimisha Mishra,2026-04-02,19:08:21,-07:00,2026-04-02T19:08:21-07:00,0,0
style.css,6,css,80b8abb4,Nimisha Mishra,2026-04-02,19:08:21,-07:00,2026-04-02T19:08:21-07:00,0,0
style.css,7,css,e5d37f14,Nimisha Mishra,2026-04-10,13:14:07,-07:00,2026-04-10T13:14:07-07:00,0,5
style.css,8,css,e5d37f14,Nimisha Mishra,2026-04-10,13:14:07,-07:00,2026-04-10T13:14:07-07:00,0,6
style.css,9,css,b6bd3730,Nimisha Mishra,2026-04-10,13:28:43,-07:00,2026-04-10T13:28:43-07:00,1,16
style.css,10,css,e5d37f14,Nimisha Mishra,2026-04-10,13:14:07,-07:00,2026-04-10T13:14:07-07:00,0,0
style.css,11,css,e5d37f14,Nimisha Mishra,2026-04-10,13:14:07,-07:00,2026-04-10T13:14:07-07:00,0,0
style.css,12,css,e5d37f14,Nimisha Mishra,2026-04-10,13:14:07,-07:00,2026-04-10T13:14:07-07:00,0,3
style.css,13,css,e5d37f14,Nimisha Mishra,2026-04-10,13:14:07,-07:00,2026-04-10T13:14:07-07:00,1,12
style.css,14,css,b6bd3730,Nimisha Mishra,2026-04-10,13:28:43,-07:00,2026-04-10T13:28:43-07:00,1,17
style.css,15,css,b6bd3730,Nimisha Mishra,2026-04-10,13:28:43,-07:00,2026-04-10T13:28:43-07:00,1,41
style.css,16,css,e5d37f14,Nimisha Mishra,2026-04-10,13:14:07,-07:00,2026-04-10T13:14:07-07:00,0,0
style.css,17,css,e5d37f14,Nimisha Mishra,2026-04-10,13:14:07,-07:00,2026-04-10T13:14:07-07:00,0,0
style.css,18,css,e5d37f14,Nimisha Mishra,2026-04-10,13:14:07,-07:00,2026-04-10T13:14:07-07:00,0,5
style.css,19,css,e5d37f14,Nimisha Mishra,2026-04-10,13:14:07,-07:00,2026-04-10T13:14:07-07:00,1,6
style.css,20,css,e5d37f14,Nimisha Mishra,2026-04-10,13:14:07,-07:00,2026-04-10T13:14:07-07:00,1,20
style.css,21,css,e5d37f14,Nimisha Mishra,2026-04-10,13:14:07,-07:00,2026-04-10T13:14:07-07:00,1,13
style.css,22,css,e5d37f14,Nimisha Mishra,2026-04-10,13:14:07,-07:00,2026-04-10T13:14:07-07:00,1,17
style.css,23,css,e5d37f14,Nimisha Mishra,2026-04-10,13:14:07,-07:00,2026-04-10T13:14:07-07:00,1,13
style.css,24,css,e5d37f14,Nimisha Mishra,2026-04-10,13:14:07,-07:00,2026-04-10T13:14:07-07:00,0,0
style.css,25,css,e5d37f14,Nimisha Mishra,2026-04-10,13:14:07,-07:00,2026-04-10T13:14:07-07:00,0,0
style.css,26,css,e5d37f14,Nimisha Mishra,2026-04-10,13:14:07,-07:00,2026-04-10T13:14:07-07:00,0,13
style.css,27,css,e5d37f14,Nimisha Mishra,2026-04-10,13:14:07,-07:00,2026-04-10T13:14:07-07:00,1,43
style.css,28,css,e5d37f14,Nimisha Mishra,2026-04-10,13:14:07,-07:00,2026-04-10T13:14:07-07:00,1,20
style.css,29,css,e5d37f14,Nimisha Mishra,2026-04-10,13:14:07,-07:00,2026-04-10T13:14:07-07:00,0,0
style.css,30,css,e5d37f14,Nimisha Mishra,2026-04-10,13:14:07,-07:00,2026-04-10T13:14:07-07:00,0,0
style.css,31,css,b6bd3730,Nimisha Mishra,2026-04-10,13:28:43,-07:00,2026-04-10T13:28:43-07:00,0,11
style.css,32,css,b6bd3730,Nimisha Mishra,2026-04-10,13:28:43,-07:00,2026-04-10T13:28:43-07:00,1,45
style.css,33,css,b6bd3730,Nimisha Mishra,2026-04-10,13:28:43,-07:00,2026-04-10T13:28:43-07:00,1,20
style.css,34,css,b6bd3730,Nimisha Mishra,2026-04-10,13:28:43,-07:00,2026-04-10T13:28:43-07:00,1,57
style.css,35,css,b6bd3730,Nimisha Mishra,2026-04-10,13:28:43,-07:00,2026-04-10T13:28:43-07:00,0,0
style.css,36,css,b6bd3730,Nimisha Mishra,2026-04-10,13:28:43,-07:00,2026-04-10T13:28:43-07:00,0,0
style.css,37,css,e5d37f14,Nimisha Mishra,2026-04-10,13:14:07,-07:00,2026-04-10T13:14:07-07:00,0,5
style.css,38,css,e5d37f14,Nimisha Mishra,2026-04-10,13:14:07,-07:00,2026-04-10T13:14:07-07:00,1,31
style.css,39,css,b6bd3730,Nimisha Mishra,2026-04-10,13:28:43,-07:00,2026-04-10T13:28:43-07:00,0,0
style.css,40,css,b6bd3730,Nimisha Mishra,2026-04-10,13:28:43,-07:00,2026-04-10T13:28:43-07:00,0,0
style.css,41,css,b6bd3730,Nimisha Mishra,2026-04-10,13:28:43,-07:00,2026-04-10T13:28:43-07:00,0,4
style.css,42,css,e5d37f14,Nimisha Mishra,2026-04-10,13:14:07,-07:00,2026-04-10T13:14:07-07:00,1,32
style.css,43,css,e5d37f14,Nimisha Mishra,2026-04-10,13:14:07,-07:00,2026-04-10T13:14:07-07:00,0,0
style.css,44,css,e5d37f14,Nimisha Mishra,2026-04-10,13:14:07,-07:00,2026-04-10T13:14:07-07:00,0,0
style.css,45,css,b6bd3730,Nimisha Mishra,2026-04-10,13:28:43,-07:00,2026-04-10T13:28:43-07:00,0,22
style.css,46,css,b6bd3730,Nimisha Mishra,2026-04-10,13:28:43,-07:00,2026-04-10T13:28:43-07:00,1,15
style.css,47,css,b6bd3730,Nimisha Mishra,2026-04-10,13:28:43,-07:00,2026-04-10T13:28:43-07:00,1,17
style.css,48,css,b6bd3730,Nimisha Mishra,2026-04-10,13:28:43,-07:00,2026-04-10T13:28:43-07:00,0,0
style.css,49,css,b6bd3730,Nimisha Mishra,2026-04-10,13:28:43,-07:00,2026-04-10T13:28:43-07:00,0,0
style.css,50,css,b6bd3730,Nimisha Mishra,2026-04-10,13:28:43,-07:00,2026-04-10T13:28:43-07:00,0,2
style.css,51,css,b6bd3730,Nimisha Mishra,2026-04-10,13:28:43,-07:00,2026-04-10T13:28:43-07:00,1,14
style.css,52,css,b6bd3730,Nimisha Mishra,2026-04-10,13:28:43,-07:00,2026-04-10T13:28:43-07:00,0,0
style.css,53,css,b6bd3730,Nimisha Mishra,2026-04-10,13:28:43,-07:00,2026-04-10T13:28:43-07:00,0,0
style.css,54,css,b6bd3730,Nimisha Mishra,2026-04-10,13:28:43,-07:00,2026-04-10T13:28:43-07:00,0,3
style.css,55,css,b6bd3730,Nimisha Mishra,2026-04-10,13:28:43,-07:00,2026-04-10T13:28:43-07:00,1,14
style.css,56,css,b6bd3730,Nimisha Mishra,2026-04-10,13:28:43,-07:00,2026-04-10T13:28:43-07:00,1,11
style.css,57,css,e5d37f14,Nimisha Mishra,2026-04-10,13:14:07,-07:00,2026-04-10T13:14:07-07:00,0,0
style.css,58,css,e5d37f14,Nimisha Mishra,2026-04-10,13:14:07,-07:00,2026-04-10T13:14:07-07:00,0,0
style.css,59,css,46a92887,Nimisha Mishra,2026-04-17,15:56:44,-07:00,2026-04-17T15:56:44-07:00,0,31
style.css,60,css,a6a7c339,Nimisha Mishra,2026-04-10,13:16:32,-07:00,2026-04-10T13:16:32-07:00,1,12
style.css,61,css,a6a7c339,Nimisha Mishra,2026-04-10,13:16:32,-07:00,2026-04-10T13:16:32-07:00,0,0
style.css,62,css,a6a7c339,Nimisha Mishra,2026-04-10,13:16:32,-07:00,2026-04-10T13:16:32-07:00,0,0
style.css,63,css,a6a7c339,Nimisha Mishra,2026-04-10,13:16:32,-07:00,2026-04-10T13:16:32-07:00,0,4
style.css,64,css,a6a7c339,Nimisha Mishra,2026-04-10,13:16:32,-07:00,2026-04-10T13:16:32-07:00,1,12
style.css,65,css,a6a7c339,Nimisha Mishra,2026-04-10,13:16:32,-07:00,2026-04-10T13:16:32-07:00,1,30
style.css,66,css,a6a7c339,Nimisha Mishra,2026-04-10,13:16:32,-07:00,2026-04-10T13:16:32-07:00,1,7
style.css,67,css,a6a7c339,Nimisha Mishra,2026-04-10,13:16:32,-07:00,2026-04-10T13:16:32-07:00,0,0
style.css,68,css,a6a7c339,Nimisha Mishra,2026-04-10,13:16:32,-07:00,2026-04-10T13:16:32-07:00,0,0
style.css,69,css,a6a7c339,Nimisha Mishra,2026-04-10,13:16:32,-07:00,2026-04-10T13:16:32-07:00,0,5
style.css,70,css,a6a7c339,Nimisha Mishra,2026-04-10,13:16:32,-07:00,2026-04-10T13:16:32-07:00,1,12
style.css,71,css,a6a7c339,Nimisha Mishra,2026-04-10,13:16:32,-07:00,2026-04-10T13:16:32-07:00,1,29
style.css,72,css,a6a7c339,Nimisha Mishra,2026-04-10,13:16:32,-07:00,2026-04-10T13:16:32-07:00,1,18
style.css,73,css,a6a7c339,Nimisha Mishra,2026-04-10,13:16:32,-07:00,2026-04-10T13:16:32-07:00,0,0
style.css,74,css,a6a7c339,Nimisha Mishra,2026-04-10,13:16:32,-07:00,2026-04-10T13:16:32-07:00,0,0
style.css,75,css,a6a7c339,Nimisha Mishra,2026-04-10,13:16:32,-07:00,2026-04-10T13:16:32-07:00,0,6
style.css,76,css,a6a7c339,Nimisha Mishra,2026-04-10,13:16:32,-07:00,2026-04-10T13:16:32-07:00,1,18
style.css,77,css,a6a7c339,Nimisha Mishra,2026-04-10,13:16:32,-07:00,2026-04-10T13:16:32-07:00,0,0
style.css,78,css,a6a7c339,Nimisha Mishra,2026-04-10,13:16:32,-07:00,2026-04-10T13:16:32-07:00,0,0
style.css,79,css,a822b626,Nimisha Mishra,2026-04-10,13:22:47,-07:00,2026-04-10T13:22:47-07:00,0,9
style.css,80,css,a822b626,Nimisha Mishra,2026-04-10,13:22:47,-07:00,2026-04-10T13:22:47-07:00,1,12
style.css,81,css,a822b626,Nimisha Mishra,2026-04-10,13:22:47,-07:00,2026-04-10T13:22:47-07:00,1,58
style.css,82,css,a822b626,Nimisha Mishra,2026-04-10,13:22:47,-07:00,2026-04-10T13:22:47-07:00,1,7
style.css,83,css,a822b626,Nimisha Mishra,2026-04-10,13:22:47,-07:00,2026-04-10T13:22:47-07:00,0,0
style.css,84,css,a822b626,Nimisha Mishra,2026-04-10,13:22:47,-07:00,2026-04-10T13:22:47-07:00,0,0
style.css,85,css,a822b626,Nimisha Mishra,2026-04-10,13:22:47,-07:00,2026-04-10T13:22:47-07:00,0,17
style.css,86,css,a822b626,Nimisha Mishra,2026-04-10,13:22:47,-07:00,2026-04-10T13:22:47-07:00,1,12
style.css,87,css,a822b626,Nimisha Mishra,2026-04-10,13:22:47,-07:00,2026-04-10T13:22:47-07:00,1,15
style.css,88,css,a822b626,Nimisha Mishra,2026-04-10,13:22:47,-07:00,2026-04-10T13:22:47-07:00,1,26
style.css,89,css,a822b626,Nimisha Mishra,2026-04-10,13:22:47,-07:00,2026-04-10T13:22:47-07:00,1,8
style.css,90,css,a822b626,Nimisha Mishra,2026-04-10,13:22:47,-07:00,2026-04-10T13:22:47-07:00,0,0
style.css,91,css,a822b626,Nimisha Mishra,2026-04-10,13:22:47,-07:00,2026-04-10T13:22:47-07:00,0,0
style.css,92,css,a822b626,Nimisha Mishra,2026-04-10,13:22:47,-07:00,2026-04-10T13:22:47-07:00,0,20
style.css,93,css,a822b626,Nimisha Mishra,2026-04-10,13:22:47,-07:00,2026-04-10T13:22:47-07:00,1,8
style.css,94,css,a822b626,Nimisha Mishra,2026-04-10,13:22:47,-07:00,2026-04-10T13:22:47-07:00,0,0
style.css,95,css,a822b626,Nimisha Mishra,2026-04-10,13:22:47,-07:00,2026-04-10T13:22:47-07:00,0,0
style.css,96,css,b6bd3730,Nimisha Mishra,2026-04-10,13:28:43,-07:00,2026-04-10T13:28:43-07:00,0,13
style.css,97,css,b6bd3730,Nimisha Mishra,2026-04-10,13:28:43,-07:00,2026-04-10T13:28:43-07:00,1,43
style.css,98,css,b6bd3730,Nimisha Mishra,2026-04-10,13:28:43,-07:00,2026-04-10T13:28:43-07:00,1,20
style.css,99,css,b6bd3730,Nimisha Mishra,2026-04-10,13:28:43,-07:00,2026-04-10T13:28:43-07:00,1,19
style.css,100,css,a822b626,Nimisha Mishra,2026-04-10,13:22:47,-07:00,2026-04-10T13:22:47-07:00,0,0
style.css,101,css,a822b626,Nimisha Mishra,2026-04-10,13:22:47,-07:00,2026-04-10T13:22:47-07:00,0,0
style.css,102,css,b6bd3730,Nimisha Mishra,2026-04-10,13:28:43,-07:00,2026-04-10T13:28:43-07:00,0,16
style.css,103,css,b6bd3730,Nimisha Mishra,2026-04-10,13:28:43,-07:00,2026-04-10T13:28:43-07:00,1,14
style.css,104,css,b6bd3730,Nimisha Mishra,2026-04-10,13:28:43,-07:00,2026-04-10T13:28:43-07:00,1,8
style.css,105,css,b6bd3730,Nimisha Mishra,2026-04-10,13:28:43,-07:00,2026-04-10T13:28:43-07:00,0,0
style.css,106,css,b6bd3730,Nimisha Mishra,2026-04-10,13:28:43,-07:00,2026-04-10T13:28:43-07:00,0,0
style.css,107,css,b6bd3730,Nimisha Mishra,2026-04-10,13:28:43,-07:00,2026-04-10T13:28:43-07:00,0,15
style.css,108,css,b6bd3730,Nimisha Mishra,2026-04-10,13:28:43,-07:00,2026-04-10T13:28:43-07:00,1,14
style.css,109,css,b6bd3730,Nimisha Mishra,2026-04-10,13:28:43,-07:00,2026-04-10T13:28:43-07:00,1,21
style.css,110,css,b6bd3730,Nimisha Mishra,2026-04-10,13:28:43,-07:00,2026-04-10T13:28:43-07:00,0,0
style.css,111,css,b6bd3730,Nimisha Mishra,2026-04-10,13:28:43,-07:00,2026-04-10T13:28:43-07:00,0,0
style.css,112,css,b6bd3730,Nimisha Mishra,2026-04-10,13:28:43,-07:00,2026-04-10T13:28:43-07:00,0,7
style.css,113,css,b6bd3730,Nimisha Mishra,2026-04-10,13:28:43,-07:00,2026-04-10T13:28:43-07:00,1,16
style.css,114,css,b6bd3730,Nimisha Mishra,2026-04-10,13:28:43,-07:00,2026-04-10T13:28:43-07:00,0,0
style.css,115,css,b6bd3730,Nimisha Mishra,2026-04-10,13:28:43,-07:00,2026-04-10T13:28:43-07:00,0,0
style.css,116,css,b6bd3730,Nimisha Mishra,2026-04-10,13:28:43,-07:00,2026-04-10T13:28:43-07:00,0,19
style.css,117,css,b6bd3730,Nimisha Mishra,2026-04-10,13:28:43,-07:00,2026-04-10T13:28:43-07:00,1,15
style.css,118,css,b6bd3730,Nimisha Mishra,2026-04-10,13:28:43,-07:00,2026-04-10T13:28:43-07:00,1,24
style.css,119,css,b6bd3730,Nimisha Mishra,2026-04-10,13:28:43,-07:00,2026-04-10T13:28:43-07:00,1,21
style.css,120,css,b6bd3730,Nimisha Mishra,2026-04-10,13:28:43,-07:00,2026-04-10T13:28:43-07:00,1,41
style.css,121,css,b6bd3730,Nimisha Mishra,2026-04-10,13:28:43,-07:00,2026-04-10T13:28:43-07:00,1,21
style.css,122,css,b6bd3730,Nimisha Mishra,2026-04-10,13:28:43,-07:00,2026-04-10T13:28:43-07:00,1,20
style.css,123,css,b6bd3730,Nimisha Mishra,2026-04-10,13:28:43,-07:00,2026-04-10T13:28:43-07:00,0,0
style.css,124,css,b6bd3730,Nimisha Mishra,2026-04-10,13:28:43,-07:00,2026-04-10T13:28:43-07:00,0,0
style.css,125,css,b6bd3730,Nimisha Mishra,2026-04-10,13:28:43,-07:00,2026-04-10T13:28:43-07:00,0,22
style.css,126,css,b6bd3730,Nimisha Mishra,2026-04-10,13:28:43,-07:00,2026-04-10T13:28:43-07:00,1,19
style.css,127,css,b6bd3730,Nimisha Mishra,2026-04-10,13:28:43,-07:00,2026-04-10T13:28:43-07:00,0,0
style.css,128,css,b6bd3730,Nimisha Mishra,2026-04-10,13:28:43,-07:00,2026-04-10T13:28:43-07:00,0,0
style.css,129,css,b6bd3730,Nimisha Mishra,2026-04-10,13:28:43,-07:00,2026-04-10T13:28:43-07:00,0,25
style.css,130,css,b6bd3730,Nimisha Mishra,2026-04-10,13:28:43,-07:00,2026-04-10T13:28:43-07:00,1,18
style.css,131,css,b6bd3730,Nimisha Mishra,2026-04-10,13:28:43,-07:00,2026-04-10T13:28:43-07:00,1,16
style.css,132,css,b6bd3730,Nimisha Mishra,2026-04-10,13:28:43,-07:00,2026-04-10T13:28:43-07:00,0,0
style.css,133,css,b6bd3730,Nimisha Mishra,2026-04-10,13:28:43,-07:00,2026-04-10T13:28:43-07:00,0,0
style.css,134,css,b6bd3730,Nimisha Mishra,2026-04-10,13:28:43,-07:00,2026-04-10T13:28:43-07:00,0,23
style.css,135,css,b6bd3730,Nimisha Mishra,2026-04-10,13:28:43,-07:00,2026-04-10T13:28:43-07:00,0,27
style.css,136,css,b6bd3730,Nimisha Mishra,2026-04-10,13:28:43,-07:00,2026-04-10T13:28:43-07:00,1,8
style.css,137,css,b6bd3730,Nimisha Mishra,2026-04-10,13:28:43,-07:00,2026-04-10T13:28:43-07:00,1,21
style.css,138,css,b6bd3730,Nimisha Mishra,2026-04-10,13:28:43,-07:00,2026-04-10T13:28:43-07:00,1,16
style.css,139,css,b6bd3730,Nimisha Mishra,2026-04-10,13:28:43,-07:00,2026-04-10T13:28:43-07:00,0,0
style.css,140,css,b6bd3730,Nimisha Mishra,2026-04-10,13:28:43,-07:00,2026-04-10T13:28:43-07:00,0,0
style.css,141,css,b6bd3730,Nimisha Mishra,2026-04-10,13:28:43,-07:00,2026-04-10T13:28:43-07:00,0,25
style.css,142,css,b6bd3730,Nimisha Mishra,2026-04-10,13:28:43,-07:00,2026-04-10T13:28:43-07:00,1,16
style.css,143,css,b6bd3730,Nimisha Mishra,2026-04-10,13:28:43,-07:00,2026-04-10T13:28:43-07:00,1,18
style.css,144,css,a822b626,Nimisha Mishra,2026-04-10,13:22:47,-07:00,2026-04-10T13:22:47-07:00,0,0
style.css,145,css,a822b626,Nimisha Mishra,2026-04-10,13:22:47,-07:00,2026-04-10T13:22:47-07:00,0,0
style.css,146,css,b6bd3730,Nimisha Mishra,2026-04-10,13:28:43,-07:00,2026-04-10T13:28:43-07:00,0,25
style.css,147,css,b6bd3730,Nimisha Mishra,2026-04-10,13:28:43,-07:00,2026-04-10T13:28:43-07:00,1,19
style.css,148,css,46a92887,Nimisha Mishra,2026-04-17,15:56:44,-07:00,2026-04-17T15:56:44-07:00,0,0
style.css,149,css,46a92887,Nimisha Mishra,2026-04-17,15:56:44,-07:00,2026-04-17T15:56:44-07:00,0,0
style.css,150,css,46a92887,Nimisha Mishra,2026-04-17,15:56:44,-07:00,2026-04-17T15:56:44-07:00,0,5
style.css,151,css,46a92887,Nimisha Mishra,2026-04-17,15:56:44,-07:00,2026-04-17T15:56:44-07:00,1,23
style.css,152,css,46a92887,Nimisha Mishra,2026-04-17,15:56:44,-07:00,2026-04-17T15:56:44-07:00,0,0
style.css,153,css,46a92887,Nimisha Mishra,2026-04-17,15:56:44,-07:00,2026-04-17T15:56:44-07:00,0,0
style.css,154,css,46a92887,Nimisha Mishra,2026-04-17,15:56:44,-07:00,2026-04-17T15:56:44-07:00,0,3
style.css,155,css,46a92887,Nimisha Mishra,2026-04-17,15:56:44,-07:00,2026-04-17T15:56:44-07:00,1,39
style.css,156,css,46a92887,Nimisha Mishra,2026-04-17,15:56:44,-07:00,2026-04-17T15:56:44-07:00,0,0
style.css,157,css,46a92887,Nimisha Mishra,2026-04-17,15:56:44,-07:00,2026-04-17T15:56:44-07:00,0,0
style.css,158,css,46a92887,Nimisha Mishra,2026-04-17,15:56:44,-07:00,2026-04-17T15:56:44-07:00,0,13
style.css,159,css,46a92887,Nimisha Mishra,2026-04-17,15:56:44,-07:00,2026-04-17T15:56:44-07:00,1,39
style.css,160,css,46a92887,Nimisha Mishra,2026-04-17,15:56:44,-07:00,2026-04-17T15:56:44-07:00,0,0
style.css,161,css,46a92887,Nimisha Mishra,2026-04-17,15:56:44,-07:00,2026-04-17T15:56:44-07:00,0,0
style.css,162,css,46a92887,Nimisha Mishra,2026-04-17,15:56:44,-07:00,2026-04-17T15:56:44-07:00,0,11
style.css,163,css,46a92887,Nimisha Mishra,2026-04-17,15:56:44,-07:00,2026-04-17T15:56:44-07:00,1,69
style.css,164,css,46a92887,Nimisha Mishra,2026-04-17,15:56:44,-07:00,2026-04-17T15:56:44-07:00,0,0
style.css,165,css,46a92887,Nimisha Mishra,2026-04-17,15:56:44,-07:00,2026-04-17T15:56:44-07:00,0,0
style.css,166,css,46a92887,Nimisha Mishra,2026-04-17,15:56:44,-07:00,2026-04-17T15:56:44-07:00,0,13
style.css,167,css,46a92887,Nimisha Mishra,2026-04-17,15:56:44,-07:00,2026-04-17T15:56:44-07:00,1,17
style.css,168,css,46a92887,Nimisha Mishra,2026-04-17,15:56:44,-07:00,2026-04-17T15:56:44-07:00,1,8
style.css,169,css,46a92887,Nimisha Mishra,2026-04-17,15:56:44,-07:00,2026-04-17T15:56:44-07:00,1,10
style.css,170,css,46a92887,Nimisha Mishra,2026-04-17,15:56:44,-07:00,2026-04-17T15:56:44-07:00,1,13
style.css,171,css,46a92887,Nimisha Mishra,2026-04-17,15:56:44,-07:00,2026-04-17T15:56:44-07:00,1,19
style.css,172,css,fe588ee7,Nimisha Mishra,2026-04-24,17:15:15,-07:00,2026-04-24T17:15:15-07:00,0,0
style.css,173,css,fe588ee7,Nimisha Mishra,2026-04-24,17:15:15,-07:00,2026-04-24T17:15:15-07:00,0,0
style.css,174,css,fe588ee7,Nimisha Mishra,2026-04-24,17:15:15,-07:00,2026-04-24T17:15:15-07:00,0,17
style.css,175,css,fe588ee7,Nimisha Mishra,2026-04-24,17:15:15,-07:00,2026-04-24T17:15:15-07:00,1,12
style.css,176,css,fe588ee7,Nimisha Mishra,2026-04-24,17:15:15,-07:00,2026-04-24T17:15:15-07:00,1,36
style.css,177,css,fe588ee7,Nimisha Mishra,2026-04-24,17:15:15,-07:00,2026-04-24T17:15:15-07:00,0,0
style.css,178,css,fe588ee7,Nimisha Mishra,2026-04-24,17:15:15,-07:00,2026-04-24T17:15:15-07:00,0,0
style.css,179,css,fe588ee7,Nimisha Mishra,2026-04-24,17:15:15,-07:00,2026-04-24T17:15:15-07:00,0,17
style.css,180,css,fe588ee7,Nimisha Mishra,2026-04-24,17:15:15,-07:00,2026-04-24T17:15:15-07:00,1,10
style.css,181,css,fe588ee7,Nimisha Mishra,2026-04-24,17:15:15,-07:00,2026-04-24T17:15:15-07:00,1,16
style.css,182,css,fe588ee7,Nimisha Mishra,2026-04-24,17:15:15,-07:00,2026-04-24T17:15:15-07:00,0,0
style.css,183,css,fe588ee7,Nimisha Mishra,2026-04-24,17:15:15,-07:00,2026-04-24T17:15:15-07:00,0,0
style.css,184,css,fe588ee7,Nimisha Mishra,2026-04-24,17:15:15,-07:00,2026-04-24T17:15:15-07:00,0,17
style.css,185,css,fe588ee7,Nimisha Mishra,2026-04-24,17:15:15,-07:00,2026-04-24T17:15:15-07:00,1,10
style.css,186,css,fe588ee7,Nimisha Mishra,2026-04-24,17:15:15,-07:00,2026-04-24T17:15:15-07:00,1,8
style.css,187,css,fe588ee7,Nimisha Mishra,2026-04-24,17:15:15,-07:00,2026-04-24T17:15:15-07:00,1,13
style.css,188,css,a1b54ad1,Nimisha Mishra,2026-05-01,15:18:47,-07:00,2026-05-01T15:18:47-07:00,0,0
style.css,189,css,a1b54ad1,Nimisha Mishra,2026-05-01,15:18:47,-07:00,2026-05-01T15:18:47-07:00,0,0
style.css,190,css,a1b54ad1,Nimisha Mishra,2026-05-01,15:18:47,-07:00,2026-05-01T15:18:47-07:00,0,13
style.css,191,css,a1b54ad1,Nimisha Mishra,2026-05-01,15:18:47,-07:00,2026-05-01T15:18:47-07:00,1,30
style.css,192,css,a1b54ad1,Nimisha Mishra,2026-05-01,15:18:47,-07:00,2026-05-01T15:18:47-07:00,1,34
style.css,193,css,a1b54ad1,Nimisha Mishra,2026-05-01,15:18:47,-07:00,2026-05-01T15:18:47-07:00,1,21
style.css,194,css,a1b54ad1,Nimisha Mishra,2026-05-01,15:18:47,-07:00,2026-05-01T15:18:47-07:00,1,8
style.css,195,css,a1b54ad1,Nimisha Mishra,2026-05-01,15:18:47,-07:00,2026-05-01T15:18:47-07:00,1,15
style.css,196,css,a1b54ad1,Nimisha Mishra,2026-05-01,15:18:47,-07:00,2026-05-01T15:18:47-07:00,0,0
style.css,197,css,a1b54ad1,Nimisha Mishra,2026-05-01,15:18:47,-07:00,2026-05-01T15:18:47-07:00,0,0
style.css,198,css,a1b54ad1,Nimisha Mishra,2026-05-01,15:18:47,-07:00,2026-05-01T15:18:47-07:00,0,18
style.css,199,css,a1b54ad1,Nimisha Mishra,2026-05-01,15:18:47,-07:00,2026-05-01T15:18:47-07:00,1,14
style.css,200,css,a1b54ad1,Nimisha Mishra,2026-05-01,15:18:47,-07:00,2026-05-01T15:18:47-07:00,1,16
style.css,201,css,a1b54ad1,Nimisha Mishra,2026-05-01,15:18:47,-07:00,2026-05-01T15:18:47-07:00,1,16
style.css,202,css,a1b54ad1,Nimisha Mishra,2026-05-01,15:18:47,-07:00,2026-05-01T15:18:47-07:00,1,13
style.css,203,css,a1b54ad1,Nimisha Mishra,2026-05-01,15:18:47,-07:00,2026-05-01T15:18:47-07:00,0,0
style.css,204,css,a1b54ad1,Nimisha Mishra,2026-05-01,15:18:47,-07:00,2026-05-01T15:18:47-07:00,0,0
style.css,205,css,a1b54ad1,Nimisha Mishra,2026-05-01,15:18:47,-07:00,2026-05-01T15:18:47-07:00,0,14
style.css,206,css,a1b54ad1,Nimisha Mishra,2026-05-01,15:18:47,-07:00,2026-05-01T15:18:47-07:00,1,12
style.css,207,css,a1b54ad1,Nimisha Mishra,2026-05-01,15:18:47,-07:00,2026-05-01T15:18:47-07:00,1,18
style.css,208,css,a1b54ad1,Nimisha Mishra,2026-05-01,15:18:47,-07:00,2026-05-01T15:18:47-07:00,1,7
style.css,209,css,a1b54ad1,Nimisha Mishra,2026-05-01,15:18:47,-07:00,2026-05-01T15:18:47-07:00,1,14
style.css,210,css,a1b54ad1,Nimisha Mishra,2026-05-01,15:18:47,-07:00,2026-05-01T15:18:47-07:00,1,16
style.css,211,css,a1b54ad1,Nimisha Mishra,2026-05-01,15:18:47,-07:00,2026-05-01T15:18:47-07:00,0,0
style.css,212,css,a1b54ad1,Nimisha Mishra,2026-05-01,15:18:47,-07:00,2026-05-01T15:18:47-07:00,0,0
style.css,213,css,a1b54ad1,Nimisha Mishra,2026-05-01,15:18:47,-07:00,2026-05-01T15:18:47-07:00,0,7
style.css,214,css,a1b54ad1,Nimisha Mishra,2026-05-01,15:18:47,-07:00,2026-05-01T15:18:47-07:00,1,12
style.css,215,css,a1b54ad1,Nimisha Mishra,2026-05-01,15:18:47,-07:00,2026-05-01T15:18:47-07:00,1,57
style.css,216,css,a1b54ad1,Nimisha Mishra,2026-05-01,15:18:47,-07:00,2026-05-01T15:18:47-07:00,1,9
style.css,217,css,a1b54ad1,Nimisha Mishra,2026-05-01,15:18:47,-07:00,2026-05-01T15:18:47-07:00,1,15
style.css,218,css,a1b54ad1,Nimisha Mishra,2026-05-01,15:18:47,-07:00,2026-05-01T15:18:47-07:00,1,13
style.css,219,css,a1b54ad1,Nimisha Mishra,2026-05-01,15:18:47,-07:00,2026-05-01T15:18:47-07:00,1,8
style.css,220,css,a1b54ad1,Nimisha Mishra,2026-05-01,15:18:47,-07:00,2026-05-01T15:18:47-07:00,1,34
style.css,221,css,a1b54ad1,Nimisha Mishra,2026-05-01,15:18:47,-07:00,2026-05-01T15:18:47-07:00,1,17
style.css,222,css,a1b54ad1,Nimisha Mishra,2026-05-01,15:18:47,-07:00,2026-05-01T15:18:47-07:00,1,6
style.css,223,css,a1b54ad1,Nimisha Mishra,2026-05-01,15:18:47,-07:00,2026-05-01T15:18:47-07:00,0,0
style.css,224,css,a1b54ad1,Nimisha Mishra,2026-05-01,15:18:47,-07:00,2026-05-01T15:18:47-07:00,0,0
style.css,225,css,a1b54ad1,Nimisha Mishra,2026-05-01,15:18:47,-07:00,2026-05-01T15:18:47-07:00,0,12
style.css,226,css,a1b54ad1,Nimisha Mishra,2026-05-01,15:18:47,-07:00,2026-05-01T15:18:47-07:00,1,12
style.css,227,css,a1b54ad1,Nimisha Mishra,2026-05-01,15:18:47,-07:00,2026-05-01T15:18:47-07:00,1,18
style.css,228,css,a1b54ad1,Nimisha Mishra,2026-05-01,15:18:47,-07:00,2026-05-01T15:18:47-07:00,1,9
style.css,229,css,a1b54ad1,Nimisha Mishra,2026-05-01,15:18:47,-07:00,2026-05-01T15:18:47-07:00,1,14
style.css,230,css,a1b54ad1,Nimisha Mishra,2026-05-01,15:18:47,-07:00,2026-05-01T15:18:47-07:00,0,0
style.css,231,css,a1b54ad1,Nimisha Mishra,2026-05-01,15:18:47,-07:00,2026-05-01T15:18:47-07:00,0,0
style.css,232,css,a1b54ad1,Nimisha Mishra,2026-05-01,15:18:47,-07:00,2026-05-01T15:18:47-07:00,0,7
style.css,233,css,a1b54ad1,Nimisha Mishra,2026-05-01,15:18:47,-07:00,2026-05-01T15:18:47-07:00,1,20
style.css,234,css,a1b54ad1,Nimisha Mishra,2026-05-01,15:18:47,-07:00,2026-05-01T15:18:47-07:00,1,9
style.css,235,css,a1b54ad1,Nimisha Mishra,2026-05-01,15:18:47,-07:00,2026-05-01T15:18:47-07:00,1,18
style.css,236,css,a1b54ad1,Nimisha Mishra,2026-05-01,15:18:47,-07:00,2026-05-01T15:18:47-07:00,1,29
style.css,237,css,a1b54ad1,Nimisha Mishra,2026-05-01,15:18:47,-07:00,2026-05-01T15:18:47-07:00,1,17
style.css,238,css,a1b54ad1,Nimisha Mishra,2026-05-01,15:18:47,-07:00,2026-05-01T15:18:47-07:00,1,13
style.css,239,css,a1b54ad1,Nimisha Mishra,2026-05-01,15:18:47,-07:00,2026-05-01T15:18:47-07:00,0,0
style.css,240,css,a1b54ad1,Nimisha Mishra,2026-05-01,15:18:47,-07:00,2026-05-01T15:18:47-07:00,0,0
style.css,241,css,a1b54ad1,Nimisha Mishra,2026-05-01,15:18:47,-07:00,2026-05-01T15:18:47-07:00,0,10
style.css,242,css,a1b54ad1,Nimisha Mishra,2026-05-01,15:18:47,-07:00,2026-05-01T15:18:47-07:00,1,13
style.css,243,css,a1b54ad1,Nimisha Mishra,2026-05-01,15:18:47,-07:00,2026-05-01T15:18:47-07:00,1,10
style.css,244,css,a1b54ad1,Nimisha Mishra,2026-05-01,15:18:47,-07:00,2026-05-01T15:18:47-07:00,1,20
style.css,245,css,a1b54ad1,Nimisha Mishra,2026-05-01,15:18:47,-07:00,2026-05-01T15:18:47-07:00,1,16
style.css,246,css,a1b54ad1,Nimisha Mishra,2026-05-01,15:18:47,-07:00,2026-05-01T15:18:47-07:00,1,34
style.css,247,css,a1b54ad1,Nimisha Mishra,2026-05-01,15:18:47,-07:00,2026-05-01T15:18:47-07:00,1,17
style.css,248,css,a1b54ad1,Nimisha Mishra,2026-05-01,15:18:47,-07:00,2026-05-01T15:18:47-07:00,1,13
style.css,249,css,a1b54ad1,Nimisha Mishra,2026-05-01,15:18:47,-07:00,2026-05-01T15:18:47-07:00,0,0
style.css,250,css,a1b54ad1,Nimisha Mishra,2026-05-01,15:18:47,-07:00,2026-05-01T15:18:47-07:00,0,0
style.css,251,css,a1b54ad1,Nimisha Mishra,2026-05-01,15:18:47,-07:00,2026-05-01T15:18:47-07:00,0,18
style.css,252,css,a1b54ad1,Nimisha Mishra,2026-05-01,15:18:47,-07:00,2026-05-01T15:18:47-07:00,1,17
style.css,253,css,a1b54ad1,Nimisha Mishra,2026-05-01,15:18:47,-07:00,2026-05-01T15:18:47-07:00,2,16
style.css,254,css,a1b54ad1,Nimisha Mishra,2026-05-01,15:18:47,-07:00,2026-05-01T15:18:47-07:00,3,11
style.css,255,css,a1b54ad1,Nimisha Mishra,2026-05-01,15:18:47,-07:00,2026-05-01T15:18:47-07:00,2,0
style.css,256,css,a1b54ad1,Nimisha Mishra,2026-05-01,15:18:47,-07:00,2026-05-01T15:18:47-07:00,1,0
style.css,257,css,a1b54ad1,Nimisha Mishra,2026-05-01,15:18:47,-07:00,2026-05-01T15:18:47-07:00,0,0
style.css,258,css,a1b54ad1,Nimisha Mishra,2026-05-01,15:18:47,-07:00,2026-05-01T15:18:47-07:00,1,4
style.css,259,css,a1b54ad1,Nimisha Mishra,2026-05-01,15:18:47,-07:00,2026-05-01T15:18:47-07:00,2,36
style.css,260,css,a1b54ad1,Nimisha Mishra,2026-05-01,15:18:47,-07:00,2026-05-01T15:18:47-07:00,2,14
style.css,261,css,a1b54ad1,Nimisha Mishra,2026-05-01,15:18:47,-07:00,2026-05-01T15:18:47-07:00,1,0
style.css,262,css,a1b54ad1,Nimisha Mishra,2026-05-01,15:18:47,-07:00,2026-05-01T15:18:47-07:00,0,0
style.css,263,css,a1b54ad1,Nimisha Mishra,2026-05-01,15:18:47,-07:00,2026-05-01T15:18:47-07:00,0,0
style.css,264,css,a1b54ad1,Nimisha Mishra,2026-05-01,15:18:47,-07:00,2026-05-01T15:18:47-07:00,0,9
style.css,265,css,a1b54ad1,Nimisha Mishra,2026-05-01,15:18:47,-07:00,2026-05-01T15:18:47-07:00,1,35
style.css,266,css,a1b54ad1,Nimisha Mishra,2026-05-01,15:18:47,-07:00,2026-05-01T15:18:47-07:00,0,0
style.css,267,css,a1b54ad1,Nimisha Mishra,2026-05-01,15:18:47,-07:00,2026-05-01T15:18:47-07:00,1,10
style.css,268,css,a1b54ad1,Nimisha Mishra,2026-05-01,15:18:47,-07:00,2026-05-01T15:18:47-07:00,2,17
style.css,269,css,a1b54ad1,Nimisha Mishra,2026-05-01,15:18:47,-07:00,2026-05-01T15:18:47-07:00,1,0
style.css,270,css,00000000,Not Committed Yet,2026-05-08,15:39:44,-07:00,2026-05-08T15:39:44-07:00,0,0
style.css,271,css,00000000,Not Committed Yet,2026-05-08,15:39:44,-07:00,2026-05-08T15:39:44-07:00,0,0
style.css,272,css,00000000,Not Committed Yet,2026-05-08,15:39:44,-07:00,2026-05-08T15:39:44-07:00,0,75
style.css,273,css,00000000,Not Committed Yet,2026-05-08,15:39:44,-07:00,2026-05-08T15:39:44-07:00,0,8
style.css,274,css,00000000,Not Committed Yet,2026-05-08,15:39:44,-07:00,2026-05-08T15:39:44-07:00,1,12
style.css,275,css,00000000,Not Committed Yet,2026-05-08,15:39:44,-07:00,2026-05-08T15:39:44-07:00,1,30
style.css,276,css,00000000,Not Committed Yet,2026-05-08,15:39:44,-07:00,2026-05-08T15:39:44-07:00,1,16
style.css,277,css,00000000,Not Committed Yet,2026-05-08,15:39:44,-07:00,2026-05-08T15:39:44-07:00,1,8
style.css,278,css,00000000,Not Committed Yet,2026-05-08,15:39:44,-07:00,2026-05-08T15:39:44-07:00,0,0
style.css,279,css,00000000,Not Committed Yet,2026-05-08,15:39:44,-07:00,2026-05-08T15:39:44-07:00,0,0
style.css,280,css,00000000,Not Committed Yet,2026-05-08,15:39:44,-07:00,2026-05-08T15:39:44-07:00,0,11
style.css,281,css,00000000,Not Committed Yet,2026-05-08,15:39:44,-07:00,2026-05-08T15:39:44-07:00,1,15
style.css,282,css,00000000,Not Committed Yet,2026-05-08,15:39:44,-07:00,2026-05-08T15:39:44-07:00,1,24
style.css,283,css,00000000,Not Committed Yet,2026-05-08,15:39:44,-07:00,2026-05-08T15:39:44-07:00,1,21
style.css,284,css,00000000,Not Committed Yet,2026-05-08,15:39:44,-07:00,2026-05-08T15:39:44-07:00,1,23
style.css,285,css,00000000,Not Committed Yet,2026-05-08,15:39:44,-07:00,2026-05-08T15:39:44-07:00,1,14
style.css,286,css,00000000,Not Committed Yet,2026-05-08,15:39:44,-07:00,2026-05-08T15:39:44-07:00,0,0
style.css,287,css,00000000,Not Committed Yet,2026-05-08,15:39:44,-07:00,2026-05-08T15:39:44-07:00,0,0
style.css,288,css,00000000,Not Committed Yet,2026-05-08,15:39:44,-07:00,2026-05-08T15:39:44-07:00,0,11
style.css,289,css,00000000,Not Committed Yet,2026-05-08,15:39:44,-07:00,2026-05-08T15:39:44-07:00,1,8
style.css,290,css,00000000,Not Committed Yet,2026-05-08,15:39:44,-07:00,2026-05-08T15:39:44-07:00,1,15
style.css,291,css,00000000,Not Committed Yet,2026-05-08,15:39:44,-07:00,2026-05-08T15:39:44-07:00,1,15
style.css,292,css,00000000,Not Committed Yet,2026-05-08,15:39:44,-07:00,2026-05-08T15:39:44-07:00,1,14
style.css,293,css,00000000,Not Committed Yet,2026-05-08,15:39:44,-07:00,2026-05-08T15:39:44-07:00,0,0
style.css,294,css,00000000,Not Committed Yet,2026-05-08,15:39:44,-07:00,2026-05-08T15:39:44-07:00,0,0
style.css,295,css,00000000,Not Committed Yet,2026-05-08,15:39:44,-07:00,2026-05-08T15:39:44-07:00,0,78
style.css,296,css,00000000,Not Committed Yet,2026-05-08,15:39:44,-07:00,2026-05-08T15:39:44-07:00,0,6
style.css,297,css,00000000,Not Committed Yet,2026-05-08,15:39:44,-07:00,2026-05-08T15:39:44-07:00,1,16
style.css,298,css,00000000,Not Committed Yet,2026-05-08,15:39:44,-07:00,2026-05-08T15:39:44-07:00,1,23
style.css,299,css,00000000,Not Committed Yet,2026-05-08,15:39:44,-07:00,2026-05-08T15:39:44-07:00,1,22
style.css,300,css,00000000,Not Committed Yet,2026-05-08,15:39:44,-07:00,2026-05-08T15:39:44-07:00,1,14
style.css,301,css,00000000,Not Committed Yet,2026-05-08,15:39:44,-07:00,2026-05-08T15:39:44-07:00,0,0
style.css,302,css,00000000,Not Committed Yet,2026-05-08,15:39:44,-07:00,2026-05-08T15:39:44-07:00,0,0
style.css,303,css,00000000,Not Committed Yet,2026-05-08,15:39:44,-07:00,2026-05-08T15:39:44-07:00,0,12
style.css,304,css,00000000,Not Committed Yet,2026-05-08,15:39:44,-07:00,2026-05-08T15:39:44-07:00,1,20
style.css,305,css,00000000,Not Committed Yet,2026-05-08,15:39:44,-07:00,2026-05-08T15:39:44-07:00,0,0
style.css,306,css,00000000,Not Committed Yet,2026-05-08,15:39:44,-07:00,2026-05-08T15:39:44-07:00,0,0
style.css,307,css,00000000,Not Committed Yet,2026-05-08,15:39:44,-07:00,2026-05-08T15:39:44-07:00,0,15
style.css,308,css,00000000,Not Committed Yet,2026-05-08,15:39:44,-07:00,2026-05-08T15:39:44-07:00,1,35
style.css,309,css,00000000,Not Committed Yet,2026-05-08,15:39:44,-07:00,2026-05-08T15:39:44-07:00,1,25
style.css,310,css,00000000,Not Committed Yet,2026-05-08,15:39:44,-07:00,2026-05-08T15:39:44-07:00,0,0
style.css,311,css,00000000,Not Committed Yet,2026-05-08,15:39:44,-07:00,2026-05-08T15:39:44-07:00,0,0
style.css,312,css,00000000,Not Committed Yet,2026-05-08,15:39:44,-07:00,2026-05-08T15:39:44-07:00,0,77
style.css,313,css,00000000,Not Committed Yet,2026-05-08,15:39:44,-07:00,2026-05-08T15:39:44-07:00,0,15
style.css,314,css,00000000,Not Committed Yet,2026-05-08,15:39:44,-07:00,2026-05-08T15:39:44-07:00,1,24
style.css,315,css,00000000,Not Committed Yet,2026-05-08,15:39:44,-07:00,2026-05-08T15:39:44-07:00,1,18
style.css,316,css,00000000,Not Committed Yet,2026-05-08,15:39:44,-07:00,2026-05-08T15:39:44-07:00,0,0
style.css,317,css,00000000,Not Committed Yet,2026-05-08,15:39:44,-07:00,2026-05-08T15:39:44-07:00,0,0
style.css,318,css,00000000,Not Committed Yet,2026-05-08,15:39:44,-07:00,2026-05-08T15:39:44-07:00,0,18
style.css,319,css,00000000,Not Committed Yet,2026-05-08,15:39:44,-07:00,2026-05-08T15:39:44-07:00,1,12
style.css,320,css,00000000,Not Committed Yet,2026-05-08,15:39:44,-07:00,2026-05-08T15:39:44-07:00,0,0
style.css,321,css,00000000,Not Committed Yet,2026-05-08,15:39:44,-07:00,2026-05-08T15:39:44-07:00,0,0
style.css,322,css,00000000,Not Committed Yet,2026-05-08,15:39:44,-07:00,2026-05-08T15:39:44-07:00,0,77
style.css,323,css,00000000,Not Committed Yet,2026-05-08,15:39:44,-07:00,2026-05-08T15:39:44-07:00,0,7
style.css,324,css,00000000,Not Committed Yet,2026-05-08,15:39:44,-07:00,2026-05-08T15:39:44-07:00,1,12
style.css,325,css,00000000,Not Committed Yet,2026-05-08,15:39:44,-07:00,2026-05-08T15:39:44-07:00,1,30
style.css,326,css,00000000,Not Committed Yet,2026-05-08,15:39:44,-07:00,2026-05-08T15:39:44-07:00,1,15
style.css,327,css,00000000,Not Committed Yet,2026-05-08,15:39:44,-07:00,2026-05-08T15:39:44-07:00,1,8
style.css,328,css,00000000,Not Committed Yet,2026-05-08,15:39:44,-07:00,2026-05-08T15:39:44-07:00,1,25
style.css,329,css,00000000,Not Committed Yet,2026-05-08,15:39:44,-07:00,2026-05-08T15:39:44-07:00,1,39
style.css,330,css,00000000,Not Committed Yet,2026-05-08,15:39:44,-07:00,2026-05-08T15:39:44-07:00,0,0
style.css,331,css,00000000,Not Committed Yet,2026-05-08,15:39:44,-07:00,2026-05-08T15:39:44-07:00,0,0
style.css,332,css,00000000,Not Committed Yet,2026-05-08,15:39:44,-07:00,2026-05-08T15:39:44-07:00,0,10
style.css,333,css,00000000,Not Committed Yet,2026-05-08,15:39:44,-07:00,2026-05-08T15:39:44-07:00,1,16
style.css,334,css,00000000,Not Committed Yet,2026-05-08,15:39:44,-07:00,2026-05-08T15:39:44-07:00,1,24
style.css,335,css,00000000,Not Committed Yet,2026-05-08,15:39:44,-07:00,2026-05-08T15:39:44-07:00,1,21
style.css,336,css,00000000,Not Committed Yet,2026-05-08,15:39:44,-07:00,2026-05-08T15:39:44-07:00,1,23
style.css,337,css,00000000,Not Committed Yet,2026-05-08,15:39:44,-07:00,2026-05-08T15:39:44-07:00,0,0
style.css,338,css,00000000,Not Committed Yet,2026-05-08,15:39:44,-07:00,2026-05-08T15:39:44-07:00,0,0
style.css,339,css,00000000,Not Committed Yet,2026-05-08,15:39:44,-07:00,2026-05-08T15:39:44-07:00,0,10
style.css,340,css,00000000,Not Committed Yet,2026-05-08,15:39:44,-07:00,2026-05-08T15:39:44-07:00,1,8
style.css,341,css,00000000,Not Committed Yet,2026-05-08,15:39:44,-07:00,2026-05-08T15:39:44-07:00,1,15
style.css,342,css,00000000,Not Committed Yet,2026-05-08,15:39:44,-07:00,2026-05-08T15:39:44-07:00,1,20
style.css,343,css,00000000,Not Committed Yet,2026-05-08,15:39:44,-07:00,2026-05-08T15:39:44-07:00,0,0
style.css,344,css,00000000,Not Committed Yet,2026-05-08,15:39:44,-07:00,2026-05-08T15:39:44-07:00,0,0
style.css,345,css,00000000,Not Committed Yet,2026-05-08,15:39:44,-07:00,2026-05-08T15:39:44-07:00,0,42
style.css,346,css,00000000,Not Committed Yet,2026-05-08,15:39:44,-07:00,2026-05-08T15:39:44-07:00,1,9
style.css,347,css,00000000,Not Committed Yet,2026-05-08,15:39:44,-07:00,2026-05-08T15:39:44-07:00,1,17
style.css,348,css,00000000,Not Committed Yet,2026-05-08,15:39:44,-07:00,2026-05-08T15:39:44-07:00,0,0
style.css,349,css,00000000,Not Committed Yet,2026-05-08,15:39:44,-07:00,2026-05-08T15:39:44-07:00,0,0
style.css,350,css,00000000,Not Committed Yet,2026-05-08,15:39:44,-07:00,2026-05-08T15:39:44-07:00,0,8
style.css,351,css,00000000,Not Committed Yet,2026-05-08,15:39:44,-07:00,2026-05-08T15:39:44-07:00,1,14
style.css,352,css,00000000,Not Committed Yet,2026-05-08,15:39:44,-07:00,2026-05-08T15:39:44-07:00,1,7
style.css,353,css,00000000,Not Committed Yet,2026-05-08,15:39:44,-07:00,2026-05-08T15:39:44-07:00,1,8
style.css,354,css,00000000,Not Committed Yet,2026-05-08,15:39:44,-07:00,2026-05-08T15:39:44-07:00,1,55
style.css,355,css,00000000,Not Committed Yet,2026-05-08,15:39:44,-07:00,2026-05-08T15:39:44-07:00,1,25
style.css,356,css,00000000,Not Committed Yet,2026-05-08,15:39:44,-07:00,2026-05-08T15:39:44-07:00,1,33
style.css,357,css,00000000,Not Committed Yet,2026-05-08,15:39:44,-07:00,2026-05-08T15:39:44-07:00,1,40
style.css,358,css,00000000,Not Committed Yet,2026-05-08,15:39:44,-07:00,2026-05-08T15:39:44-07:00,1,17
style.css,359,css,00000000,Not Committed Yet,2026-05-08,15:39:44,-07:00,2026-05-08T15:39:44-07:00,1,18
style.css,360,css,00000000,Not Committed Yet,2026-05-08,15:39:44,-07:00,2026-05-08T15:39:44-07:00,1,42
style.css,361,css,00000000,Not Committed Yet,2026-05-08,15:39:44,-07:00,2026-05-08T15:39:44-07:00,1,14
style.css,362,css,00000000,Not Committed Yet,2026-05-08,15:39:44,-07:00,2026-05-08T15:39:44-07:00,1,19
style.css,363,css,00000000,Not Committed Yet,2026-05-08,15:39:44,-07:00,2026-05-08T15:39:44-07:00,1,11
style.css,364,css,00000000,Not Committed Yet,2026-05-08,15:39:44,-07:00,2026-05-08T15:39:44-07:00,0,0
style.css,365,css,00000000,Not Committed Yet,2026-05-08,15:39:44,-07:00,2026-05-08T15:39:44-07:00,0,0
style.css,366,css,00000000,Not Committed Yet,2026-05-08,15:39:44,-07:00,2026-05-08T15:39:44-07:00,0,77
style.css,367,css,00000000,Not Committed Yet,2026-05-08,15:39:44,-07:00,2026-05-08T15:39:44-07:00,0,24
style.css,368,css,00000000,Not Committed Yet,2026-05-08,15:39:44,-07:00,2026-05-08T15:39:44-07:00,1,2
style.css,369,css,00000000,Not Committed Yet,2026-05-08,15:39:44,-07:00,2026-05-08T15:39:44-07:00,2,20
style.css,370,css,00000000,Not Committed Yet,2026-05-08,15:39:44,-07:00,2026-05-08T15:39:44-07:00,1,0
style.css,371,css,00000000,Not Committed Yet,2026-05-08,15:39:44,-07:00,2026-05-08T15:39:44-07:00,0,0
style.css,372,css,00000000,Not Committed Yet,2026-05-08,15:39:44,-07:00,2026-05-08T15:39:44-07:00,0,0
style.css,373,css,00000000,Not Committed Yet,2026-05-08,15:39:44,-07:00,2026-05-08T15:39:44-07:00,0,10
style.css,374,css,00000000,Not Committed Yet,2026-05-08,15:39:44,-07:00,2026-05-08T15:39:44-07:00,1,16
style.css,375,css,00000000,Not Committed Yet,2026-05-08,15:39:44,-07:00,2026-05-08T15:39:44-07:00,1,22
style.css,376,css,00000000,Not Committed Yet,2026-05-08,15:39:44,-07:00,2026-05-08T15:39:44-07:00,1,18
style.css,377,css,00000000,Not Committed Yet,2026-05-08,15:39:44,-07:00,2026-05-08T15:39:44-07:00,1,20
style.css,378,css,00000000,Not Committed Yet,2026-05-08,15:39:44,-07:00,2026-05-08T15:39:44-07:00,1,42
style.css,379,css,00000000,Not Committed Yet,2026-05-08,15:39:44,-07:00,2026-05-08T15:39:44-07:00,0,0
index.js,1,js,fe588ee7,Nimisha Mishra,2026-04-24,17:15:15,-07:00,2026-04-24T17:15:15-07:00,0,71
index.js,2,js,fe588ee7,Nimisha Mishra,2026-04-24,17:15:15,-07:00,2026-04-24T17:15:15-07:00,0,0
index.js,3,js,fe588ee7,Nimisha Mishra,2026-04-24,17:15:15,-07:00,2026-04-24T17:15:15-07:00,0,54
index.js,4,js,fe588ee7,Nimisha Mishra,2026-04-24,17:15:15,-07:00,2026-04-24T17:15:15-07:00,0,42
index.js,5,js,fe588ee7,Nimisha Mishra,2026-04-24,17:15:15,-07:00,2026-04-24T17:15:15-07:00,0,60
index.js,6,js,fe588ee7,Nimisha Mishra,2026-04-24,17:15:15,-07:00,2026-04-24T17:15:15-07:00,0,54
index.js,7,js,fe588ee7,Nimisha Mishra,2026-04-24,17:15:15,-07:00,2026-04-24T17:15:15-07:00,0,0
index.js,8,js,fe588ee7,Nimisha Mishra,2026-04-24,17:15:15,-07:00,2026-04-24T17:15:15-07:00,0,58
index.js,9,js,fe588ee7,Nimisha Mishra,2026-04-24,17:15:15,-07:00,2026-04-24T17:15:15-07:00,0,60
index.js,10,js,fe588ee7,Nimisha Mishra,2026-04-24,17:15:15,-07:00,2026-04-24T17:15:15-07:00,0,0
index.js,11,js,fe588ee7,Nimisha Mishra,2026-04-24,17:15:15,-07:00,2026-04-24T17:15:15-07:00,0,17
index.js,12,js,fe588ee7,Nimisha Mishra,2026-04-24,17:15:15,-07:00,2026-04-24T17:15:15-07:00,1,24
index.js,13,js,fe588ee7,Nimisha Mishra,2026-04-24,17:15:15,-07:00,2026-04-24T17:15:15-07:00,2,2
index.js,14,js,fe588ee7,Nimisha Mishra,2026-04-24,17:15:15,-07:00,2026-04-24T17:15:15-07:00,3,55
index.js,15,js,fe588ee7,Nimisha Mishra,2026-04-24,17:15:15,-07:00,2026-04-24T17:15:15-07:00,3,55
index.js,16,js,fe588ee7,Nimisha Mishra,2026-04-24,17:15:15,-07:00,2026-04-24T17:15:15-07:00,3,49
index.js,17,js,fe588ee7,Nimisha Mishra,2026-04-24,17:15:15,-07:00,2026-04-24T17:15:15-07:00,3,49
index.js,18,js,fe588ee7,Nimisha Mishra,2026-04-24,17:15:15,-07:00,2026-04-24T17:15:15-07:00,2,3
index.js,19,js,fe588ee7,Nimisha Mishra,2026-04-24,17:15:15,-07:00,2026-04-24T17:15:15-07:00,1,0
index.js,20,js,fe588ee7,Nimisha Mishra,2026-04-24,17:15:15,-07:00,2026-04-24T17:15:15-07:00,0,0
index.html,1,html,18d5bd7,Nimisha Mishra,2026-04-01,15:14:04,-07:00,2026-04-01T15:14:04-07:00,0,13
index.html,2,html,18d5bd7,Nimisha Mishra,2026-04-01,15:14:04,-07:00,2026-04-01T15:14:04-07:00,0,14
index.html,3,html,18d5bd7,Nimisha Mishra,2026-04-01,15:14:04,-07:00,2026-04-01T15:14:04-07:00,0,4
index.html,4,html,772ba546,Nimisha Mishra,2026-04-01,15:33:22,-07:00,2026-04-01T15:33:22-07:00,2,38
index.html,5,html,18d5bd7,Nimisha Mishra,2026-04-01,15:14:04,-07:00,2026-04-01T15:14:04-07:00,2,20
index.html,6,html,18d5bd7,Nimisha Mishra,2026-04-01,15:14:04,-07:00,2026-04-01T15:14:04-07:00,2,68
index.html,7,html,80b8abb4,Nimisha Mishra,2026-04-02,19:08:21,-07:00,2026-04-02T19:08:21-07:00,2,56
index.html,8,html,80b8abb4,Nimisha Mishra,2026-04-02,19:08:21,-07:00,2026-04-02T19:08:21-07:00,0,5
index.html,9,html,80b8abb4,Nimisha Mishra,2026-04-02,19:08:21,-07:00,2026-04-02T19:08:21-07:00,0,4
index.html,10,html,18d5bd7,Nimisha Mishra,2026-04-01,15:14:04,-07:00,2026-04-01T15:14:04-07:00,2,21
index.html,11,html,18d5bd7,Nimisha Mishra,2026-04-01,15:14:04,-07:00,2026-04-01T15:14:04-07:00,2,576
index.html,12,html,772ba546,Nimisha Mishra,2026-04-01,15:33:22,-07:00,2026-04-01T15:33:22-07:00,2,90
index.html,13,html,fe588ee7,Nimisha Mishra,2026-04-24,17:15:15,-07:00,2026-04-24T17:15:15-07:00,0,0
index.html,14,html,fe588ee7,Nimisha Mishra,2026-04-24,17:15:15,-07:00,2026-04-24T17:15:15-07:00,2,22
index.html,15,html,fe588ee7,Nimisha Mishra,2026-04-24,17:15:15,-07:00,2026-04-24T17:15:15-07:00,2,28
index.html,16,html,fe588ee7,Nimisha Mishra,2026-04-24,17:15:15,-07:00,2026-04-24T17:15:15-07:00,0,0
index.html,17,html,fe588ee7,Nimisha Mishra,2026-04-24,17:15:15,-07:00,2026-04-24T17:15:15-07:00,2,22
index.html,18,html,fe588ee7,Nimisha Mishra,2026-04-24,17:15:15,-07:00,2026-04-24T17:15:15-07:00,2,26
index.html,19,html,fe588ee7,Nimisha Mishra,2026-04-24,17:15:15,-07:00,2026-04-24T17:15:15-07:00,0,0
index.html,20,html,46a92887,Nimisha Mishra,2026-04-17,15:56:44,-07:00,2026-04-17T15:56:44-07:00,2,45
index.html,21,html,fe588ee7,Nimisha Mishra,2026-04-24,17:15:15,-07:00,2026-04-24T17:15:15-07:00,2,44
index.html,22,html,18d5bd7,Nimisha Mishra,2026-04-01,15:14:04,-07:00,2026-04-01T15:14:04-07:00,0,5
index.html,23,html,18d5bd7,Nimisha Mishra,2026-04-01,15:14:04,-07:00,2026-04-01T15:14:04-07:00,0,5
global.js,1,js,46a92887,Nimisha Mishra,2026-04-17,15:56:44,-07:00,2026-04-17T15:56:44-07:00,0,26
global.js,2,js,46a92887,Nimisha Mishra,2026-04-17,15:56:44,-07:00,2026-04-17T15:56:44-07:00,0,0
global.js,3,js,46a92887,Nimisha Mishra,2026-04-17,15:56:44,-07:00,2026-04-17T15:56:44-07:00,0,41
global.js,4,js,46a92887,Nimisha Mishra,2026-04-17,15:56:44,-07:00,2026-04-17T15:56:44-07:00,1,52
global.js,5,js,46a92887,Nimisha Mishra,2026-04-17,15:56:44,-07:00,2026-04-17T15:56:44-07:00,0,0
global.js,6,js,46a92887,Nimisha Mishra,2026-04-17,15:56:44,-07:00,2026-04-17T15:56:44-07:00,0,0
global.js,7,js,46a92887,Nimisha Mishra,2026-04-17,15:56:44,-07:00,2026-04-17T15:56:44-07:00,0,88
global.js,8,js,46a92887,Nimisha Mishra,2026-04-17,15:56:44,-07:00,2026-04-17T15:56:44-07:00,1,13
global.js,9,js,46a92887,Nimisha Mishra,2026-04-17,15:56:44,-07:00,2026-04-17T15:56:44-07:00,1,14
global.js,10,js,46a92887,Nimisha Mishra,2026-04-17,15:56:44,-07:00,2026-04-17T15:56:44-07:00,0,0
global.js,11,js,46a92887,Nimisha Mishra,2026-04-17,15:56:44,-07:00,2026-04-17T15:56:44-07:00,0,11
global.js,12,js,46a92887,Nimisha Mishra,2026-04-17,15:56:44,-07:00,2026-04-17T15:56:44-07:00,1,25
global.js,13,js,46a92887,Nimisha Mishra,2026-04-17,15:56:44,-07:00,2026-04-17T15:56:44-07:00,1,48
global.js,14,js,46a92887,Nimisha Mishra,2026-04-17,15:56:44,-07:00,2026-04-17T15:56:44-07:00,1,44
global.js,15,js,46a92887,Nimisha Mishra,2026-04-17,15:56:44,-07:00,2026-04-17T15:56:44-07:00,1,46
global.js,16,js,00000000,Not Committed Yet,2026-05-08,15:39:44,-07:00,2026-05-08T15:39:44-07:00,1,40
global.js,17,js,46a92887,Nimisha Mishra,2026-04-17,15:56:44,-07:00,2026-04-17T15:56:44-07:00,1,61
global.js,18,js,46a92887,Nimisha Mishra,2026-04-17,15:56:44,-07:00,2026-04-17T15:56:44-07:00,0,0
global.js,19,js,46a92887,Nimisha Mishra,2026-04-17,15:56:44,-07:00,2026-04-17T15:56:44-07:00,0,0
global.js,20,js,46a92887,Nimisha Mishra,2026-04-17,15:56:44,-07:00,2026-04-17T15:56:44-07:00,0,38
global.js,21,js,46a92887,Nimisha Mishra,2026-04-17,15:56:44,-07:00,2026-04-17T15:56:44-07:00,0,25
global.js,22,js,46a92887,Nimisha Mishra,2026-04-17,15:56:44,-07:00,2026-04-17T15:56:44-07:00,0,0
global.js,23,js,46a92887,Nimisha Mishra,2026-04-17,15:56:44,-07:00,2026-04-17T15:56:44-07:00,0,20
global.js,24,js,46a92887,Nimisha Mishra,2026-04-17,15:56:44,-07:00,2026-04-17T15:56:44-07:00,1,14
global.js,25,js,46a92887,Nimisha Mishra,2026-04-17,15:56:44,-07:00,2026-04-17T15:56:44-07:00,1,18
global.js,26,js,46a92887,Nimisha Mishra,2026-04-17,15:56:44,-07:00,2026-04-17T15:56:44-07:00,0,0
global.js,27,js,46a92887,Nimisha Mishra,2026-04-17,15:56:44,-07:00,2026-04-17T15:56:44-07:00,1,28
global.js,28,js,46a92887,Nimisha Mishra,2026-04-17,15:56:44,-07:00,2026-04-17T15:56:44-07:00,2,20
global.js,29,js,46a92887,Nimisha Mishra,2026-04-17,15:56:44,-07:00,2026-04-17T15:56:44-07:00,1,0
global.js,30,js,46a92887,Nimisha Mishra,2026-04-17,15:56:44,-07:00,2026-04-17T15:56:44-07:00,0,0
global.js,31,js,46a92887,Nimisha Mishra,2026-04-17,15:56:44,-07:00,2026-04-17T15:56:44-07:00,1,34
global.js,32,js,46a92887,Nimisha Mishra,2026-04-17,15:56:44,-07:00,2026-04-17T15:56:44-07:00,1,11
global.js,33,js,46a92887,Nimisha Mishra,2026-04-17,15:56:44,-07:00,2026-04-17T15:56:44-07:00,1,20
global.js,34,js,46a92887,Nimisha Mishra,2026-04-17,15:56:44,-07:00,2026-04-17T15:56:44-07:00,0,0
global.js,35,js,46a92887,Nimisha Mishra,2026-04-17,15:56:44,-07:00,2026-04-17T15:56:44-07:00,1,17
global.js,36,js,46a92887,Nimisha Mishra,2026-04-17,15:56:44,-07:00,2026-04-17T15:56:44-07:00,2,8
global.js,37,js,46a92887,Nimisha Mishra,2026-04-17,15:56:44,-07:00,2026-04-17T15:56:44-07:00,2,58
global.js,38,js,46a92887,Nimisha Mishra,2026-04-17,15:56:44,-07:00,2026-04-17T15:56:44-07:00,1,0
global.js,39,js,46a92887,Nimisha Mishra,2026-04-17,15:56:44,-07:00,2026-04-17T15:56:44-07:00,0,0
global.js,40,js,46a92887,Nimisha Mishra,2026-04-17,15:56:44,-07:00,2026-04-17T15:56:44-07:00,1,29
global.js,41,js,46a92887,Nimisha Mishra,2026-04-17,15:56:44,-07:00,2026-04-17T15:56:44-07:00,2,18
global.js,42,js,46a92887,Nimisha Mishra,2026-04-17,15:56:44,-07:00,2026-04-17T15:56:44-07:00,1,0
global.js,43,js,46a92887,Nimisha Mishra,2026-04-17,15:56:44,-07:00,2026-04-17T15:56:44-07:00,0,0
global.js,44,js,46a92887,Nimisha Mishra,2026-04-17,15:56:44,-07:00,2026-04-17T15:56:44-07:00,1,12
global.js,45,js,46a92887,Nimisha Mishra,2026-04-17,15:56:44,-07:00,2026-04-17T15:56:44-07:00,0,0
global.js,46,js,46a92887,Nimisha Mishra,2026-04-17,15:56:44,-07:00,2026-04-17T15:56:44-07:00,0,0
global.js,47,js,46a92887,Nimisha Mishra,2026-04-17,15:56:44,-07:00,2026-04-17T15:56:44-07:00,0,31
global.js,48,js,46a92887,Nimisha Mishra,2026-04-17,15:56:44,-07:00,2026-04-17T15:56:44-07:00,1,11
global.js,49,js,46a92887,Nimisha Mishra,2026-04-17,15:56:44,-07:00,2026-04-17T15:56:44-07:00,1,27
global.js,50,js,46a92887,Nimisha Mishra,2026-04-17,15:56:44,-07:00,2026-04-17T15:56:44-07:00,2,4
global.js,51,js,46a92887,Nimisha Mishra,2026-04-17,15:56:44,-07:00,2026-04-17T15:56:44-07:00,2,6
global.js,52,js,46a92887,Nimisha Mishra,2026-04-17,15:56:44,-07:00,2026-04-17T15:56:44-07:00,3,43
global.js,53,js,46a92887,Nimisha Mishra,2026-04-17,15:56:44,-07:00,2026-04-17T15:56:44-07:00,3,34
global.js,54,js,46a92887,Nimisha Mishra,2026-04-17,15:56:44,-07:00,2026-04-17T15:56:44-07:00,3,32
global.js,55,js,46a92887,Nimisha Mishra,2026-04-17,15:56:44,-07:00,2026-04-17T15:56:44-07:00,2,7
global.js,56,js,46a92887,Nimisha Mishra,2026-04-17,15:56:44,-07:00,2026-04-17T15:56:44-07:00,1,7
global.js,57,js,46a92887,Nimisha Mishra,2026-04-17,15:56:44,-07:00,2026-04-17T15:56:44-07:00,0,0
global.js,58,js,46a92887,Nimisha Mishra,2026-04-17,15:56:44,-07:00,2026-04-17T15:56:44-07:00,0,0
global.js,59,js,46a92887,Nimisha Mishra,2026-04-17,15:56:44,-07:00,2026-04-17T15:56:44-07:00,0,60
global.js,60,js,46a92887,Nimisha Mishra,2026-04-17,15:56:44,-07:00,2026-04-17T15:56:44-07:00,0,0
global.js,61,js,46a92887,Nimisha Mishra,2026-04-17,15:56:44,-07:00,2026-04-17T15:56:44-07:00,0,36
global.js,62,js,46a92887,Nimisha Mishra,2026-04-17,15:56:44,-07:00,2026-04-17T15:56:44-07:00,1,70
global.js,63,js,46a92887,Nimisha Mishra,2026-04-17,15:56:44,-07:00,2026-04-17T15:56:44-07:00,1,25
global.js,64,js,46a92887,Nimisha Mishra,2026-04-17,15:56:44,-07:00,2026-04-17T15:56:44-07:00,0,0
global.js,65,js,46a92887,Nimisha Mishra,2026-04-17,15:56:44,-07:00,2026-04-17T15:56:44-07:00,0,0
global.js,66,js,46a92887,Nimisha Mishra,2026-04-17,15:56:44,-07:00,2026-04-17T15:56:44-07:00,0,34
global.js,67,js,46a92887,Nimisha Mishra,2026-04-17,15:56:44,-07:00,2026-04-17T15:56:44-07:00,1,39
global.js,68,js,46a92887,Nimisha Mishra,2026-04-17,15:56:44,-07:00,2026-04-17T15:56:44-07:00,0,0
global.js,69,js,46a92887,Nimisha Mishra,2026-04-17,15:56:44,-07:00,2026-04-17T15:56:44-07:00,0,0
global.js,70,js,46a92887,Nimisha Mishra,2026-04-17,15:56:44,-07:00,2026-04-17T15:56:44-07:00,0,49
global.js,71,js,46a92887,Nimisha Mishra,2026-04-17,15:56:44,-07:00,2026-04-17T15:56:44-07:00,1,33
global.js,72,js,46a92887,Nimisha Mishra,2026-04-17,15:56:44,-07:00,2026-04-17T15:56:44-07:00,1,44
global.js,73,js,94959b31,Nimisha Mishra,2026-04-24,16:58:48,-07:00,2026-04-24T16:58:48-07:00,0,1
global.js,74,js,94959b31,Nimisha Mishra,2026-04-24,16:58:48,-07:00,2026-04-24T16:58:48-07:00,0,0
global.js,75,js,94959b31,Nimisha Mishra,2026-04-24,16:58:48,-07:00,2026-04-24T16:58:48-07:00,0,36
global.js,76,js,94959b31,Nimisha Mishra,2026-04-24,16:58:48,-07:00,2026-04-24T16:58:48-07:00,1,3
global.js,77,js,94959b31,Nimisha Mishra,2026-04-24,16:58:48,-07:00,2026-04-24T16:58:48-07:00,2,32
global.js,78,js,94959b31,Nimisha Mishra,2026-04-24,16:58:48,-07:00,2026-04-24T16:58:48-07:00,0,0
global.js,79,js,94959b31,Nimisha Mishra,2026-04-24,16:58:48,-07:00,2026-04-24T16:58:48-07:00,2,17
global.js,80,js,94959b31,Nimisha Mishra,2026-04-24,16:58:48,-07:00,2026-04-24T16:58:48-07:00,3,66
global.js,81,js,94959b31,Nimisha Mishra,2026-04-24,16:58:48,-07:00,2026-04-24T16:58:48-07:00,2,0
global.js,82,js,94959b31,Nimisha Mishra,2026-04-24,16:58:48,-07:00,2026-04-24T16:58:48-07:00,0,0
global.js,83,js,94959b31,Nimisha Mishra,2026-04-24,16:58:48,-07:00,2026-04-24T16:58:48-07:00,2,33
global.js,84,js,94959b31,Nimisha Mishra,2026-04-24,16:58:48,-07:00,2026-04-24T16:58:48-07:00,2,10
global.js,85,js,94959b31,Nimisha Mishra,2026-04-24,16:58:48,-07:00,2026-04-24T16:58:48-07:00,1,15
global.js,86,js,94959b31,Nimisha Mishra,2026-04-24,16:58:48,-07:00,2026-04-24T16:58:48-07:00,2,59
global.js,87,js,94959b31,Nimisha Mishra,2026-04-24,16:58:48,-07:00,2026-04-24T16:58:48-07:00,1,0
global.js,88,js,94959b31,Nimisha Mishra,2026-04-24,16:58:48,-07:00,2026-04-24T16:58:48-07:00,0,0
global.js,89,js,94959b31,Nimisha Mishra,2026-04-24,16:58:48,-07:00,2026-04-24T16:58:48-07:00,0,0
global.js,90,js,94959b31,Nimisha Mishra,2026-04-24,16:58:48,-07:00,2026-04-24T16:58:48-07:00,0,79
global.js,91,js,94959b31,Nimisha Mishra,2026-04-24,16:58:48,-07:00,2026-04-24T16:58:48-07:00,1,30
global.js,92,js,94959b31,Nimisha Mishra,2026-04-24,16:58:48,-07:00,2026-04-24T16:58:48-07:00,0,0
global.js,93,js,94959b31,Nimisha Mishra,2026-04-24,16:58:48,-07:00,2026-04-24T16:58:48-07:00,1,31
global.js,94,js,94959b31,Nimisha Mishra,2026-04-24,16:58:48,-07:00,2026-04-24T16:58:48-07:00,2,48
global.js,95,js,94959b31,Nimisha Mishra,2026-04-24,16:58:48,-07:00,2026-04-24T16:58:48-07:00,2,19
global.js,96,js,94959b31,Nimisha Mishra,2026-04-24,16:58:48,-07:00,2026-04-24T16:58:48-07:00,3,49
global.js,97,js,94959b31,Nimisha Mishra,2026-04-24,16:58:48,-07:00,2026-04-24T16:58:48-07:00,3,49
global.js,98,js,a1b54ad1,Nimisha Mishra,2026-05-01,15:18:47,-07:00,2026-05-01T15:18:47-07:00,3,24
global.js,99,js,a1b54ad1,Nimisha Mishra,2026-05-01,15:18:47,-07:00,2026-05-01T15:18:47-07:00,4,27
global.js,100,js,a1b54ad1,Nimisha Mishra,2026-05-01,15:18:47,-07:00,2026-05-01T15:18:47-07:00,4,47
global.js,101,js,a1b54ad1,Nimisha Mishra,2026-05-01,15:18:47,-07:00,2026-05-01T15:18:47-07:00,3,4
global.js,102,js,94959b31,Nimisha Mishra,2026-04-24,16:58:48,-07:00,2026-04-24T16:58:48-07:00,2,0
global.js,103,js,94959b31,Nimisha Mishra,2026-04-24,16:58:48,-07:00,2026-04-24T16:58:48-07:00,2,36
global.js,104,js,94959b31,Nimisha Mishra,2026-04-24,16:58:48,-07:00,2026-04-24T16:58:48-07:00,1,0
global.js,105,js,fe588ee7,Nimisha Mishra,2026-04-24,17:15:15,-07:00,2026-04-24T17:15:15-07:00,0,0
global.js,106,js,fe588ee7,Nimisha Mishra,2026-04-24,17:15:15,-07:00,2026-04-24T17:15:15-07:00,0,0
global.js,107,js,fe588ee7,Nimisha Mishra,2026-04-24,17:15:15,-07:00,2026-04-24T17:15:15-07:00,0,47
global.js,108,js,fe588ee7,Nimisha Mishra,2026-04-24,17:15:15,-07:00,2026-04-24T17:15:15-07:00,1,59
global.js,109,js,00000000,Not Committed Yet,2026-05-08,15:39:44,-07:00,2026-05-08T15:39:44-07:00,0,0
resume\index.html,1,html,fdef159c,Nimisha Mishra,2026-04-02,18:42:04,-07:00,2026-04-02T18:42:04-07:00,0,13
resume\index.html,2,html,fdef159c,Nimisha Mishra,2026-04-02,18:42:04,-07:00,2026-04-02T18:42:04-07:00,0,14
resume\index.html,3,html,fdef159c,Nimisha Mishra,2026-04-02,18:42:04,-07:00,2026-04-02T18:42:04-07:00,0,4
resume\index.html,4,html,e963f9b2,Nimisha Mishra,2026-04-02,19:09:42,-07:00,2026-04-02T19:09:42-07:00,2,41
resume\index.html,5,html,fdef159c,Nimisha Mishra,2026-04-02,18:42:04,-07:00,2026-04-02T18:42:04-07:00,2,20
resume\index.html,6,html,fdef159c,Nimisha Mishra,2026-04-02,18:42:04,-07:00,2026-04-02T18:42:04-07:00,2,19
resume\index.html,7,html,fdef159c,Nimisha Mishra,2026-04-02,18:42:04,-07:00,2026-04-02T18:42:04-07:00,0,5
resume\index.html,8,html,fdef159c,Nimisha Mishra,2026-04-02,18:42:04,-07:00,2026-04-02T18:42:04-07:00,0,4
resume\index.html,9,html,fdef159c,Nimisha Mishra,2026-04-02,18:42:04,-07:00,2026-04-02T18:42:04-07:00,0,0
resume\index.html,10,html,fdef159c,Nimisha Mishra,2026-04-02,18:42:04,-07:00,2026-04-02T18:42:04-07:00,2,4
resume\index.html,11,html,fdef159c,Nimisha Mishra,2026-04-02,18:42:04,-07:00,2026-04-02T18:42:04-07:00,4,60
resume\index.html,12,html,fdef159c,Nimisha Mishra,2026-04-02,18:42:04,-07:00,2026-04-02T18:42:04-07:00,0,0
resume\index.html,13,html,fdef159c,Nimisha Mishra,2026-04-02,18:42:04,-07:00,2026-04-02T18:42:04-07:00,4,6
resume\index.html,14,html,fdef159c,Nimisha Mishra,2026-04-02,18:42:04,-07:00,2026-04-02T18:42:04-07:00,6,21
resume\index.html,15,html,fdef159c,Nimisha Mishra,2026-04-02,18:42:04,-07:00,2026-04-02T18:42:04-07:00,6,29
resume\index.html,16,html,fdef159c,Nimisha Mishra,2026-04-02,18:42:04,-07:00,2026-04-02T18:42:04-07:00,6,1
resume\index.html,17,html,fdef159c,Nimisha Mishra,2026-04-02,18:42:04,-07:00,2026-04-02T18:42:04-07:00,8,76
resume\index.html,18,html,fdef159c,Nimisha Mishra,2026-04-02,18:42:04,-07:00,2026-04-02T18:42:04-07:00,8,69
resume\index.html,19,html,fdef159c,Nimisha Mishra,2026-04-02,18:42:04,-07:00,2026-04-02T18:42:04-07:00,6,2
resume\index.html,20,html,fdef159c,Nimisha Mishra,2026-04-02,18:42:04,-07:00,2026-04-02T18:42:04-07:00,4,7
resume\index.html,21,html,fdef159c,Nimisha Mishra,2026-04-02,18:42:04,-07:00,2026-04-02T18:42:04-07:00,0,0
resume\index.html,22,html,fdef159c,Nimisha Mishra,2026-04-02,18:42:04,-07:00,2026-04-02T18:42:04-07:00,4,7
resume\index.html,23,html,fdef159c,Nimisha Mishra,2026-04-02,18:42:04,-07:00,2026-04-02T18:42:04-07:00,6,6
resume\index.html,24,html,fdef159c,Nimisha Mishra,2026-04-02,18:42:04,-07:00,2026-04-02T18:42:04-07:00,8,16
resume\index.html,25,html,fdef159c,Nimisha Mishra,2026-04-02,18:42:04,-07:00,2026-04-02T18:42:04-07:00,6,7
resume\index.html,26,html,fdef159c,Nimisha Mishra,2026-04-02,18:42:04,-07:00,2026-04-02T18:42:04-07:00,0,0
resume\index.html,27,html,fdef159c,Nimisha Mishra,2026-04-02,18:42:04,-07:00,2026-04-02T18:42:04-07:00,6,7
resume\index.html,28,html,fdef159c,Nimisha Mishra,2026-04-02,18:42:04,-07:00,2026-04-02T18:42:04-07:00,8,42
resume\index.html,29,html,fdef159c,Nimisha Mishra,2026-04-02,18:42:04,-07:00,2026-04-02T18:42:04-07:00,8,25
resume\index.html,30,html,fdef159c,Nimisha Mishra,2026-04-02,18:42:04,-07:00,2026-04-02T18:42:04-07:00,8,1
resume\index.html,31,html,fdef159c,Nimisha Mishra,2026-04-02,18:42:04,-07:00,2026-04-02T18:42:04-07:00,10,33
resume\index.html,32,html,fdef159c,Nimisha Mishra,2026-04-02,18:42:04,-07:00,2026-04-02T18:42:04-07:00,10,31
resume\index.html,33,html,fdef159c,Nimisha Mishra,2026-04-02,18:42:04,-07:00,2026-04-02T18:42:04-07:00,8,2
resume\index.html,34,html,fdef159c,Nimisha Mishra,2026-04-02,18:42:04,-07:00,2026-04-02T18:42:04-07:00,8,2
resume\index.html,35,html,fdef159c,Nimisha Mishra,2026-04-02,18:42:04,-07:00,2026-04-02T18:42:04-07:00,10,15
resume\index.html,36,html,fdef159c,Nimisha Mishra,2026-04-02,18:42:04,-07:00,2026-04-02T18:42:04-07:00,10,72
resume\index.html,37,html,fdef159c,Nimisha Mishra,2026-04-02,18:42:04,-07:00,2026-04-02T18:42:04-07:00,8,3
resume\index.html,38,html,fdef159c,Nimisha Mishra,2026-04-02,18:42:04,-07:00,2026-04-02T18:42:04-07:00,6,8
resume\index.html,39,html,fdef159c,Nimisha Mishra,2026-04-02,18:42:04,-07:00,2026-04-02T18:42:04-07:00,4,8
resume\index.html,40,html,fdef159c,Nimisha Mishra,2026-04-02,18:42:04,-07:00,2026-04-02T18:42:04-07:00,0,0
resume\index.html,41,html,fdef159c,Nimisha Mishra,2026-04-02,18:42:04,-07:00,2026-04-02T18:42:04-07:00,4,17
resume\index.html,42,html,fdef159c,Nimisha Mishra,2026-04-02,18:42:04,-07:00,2026-04-02T18:42:04-07:00,4,7
resume\index.html,43,html,fdef159c,Nimisha Mishra,2026-04-02,18:42:04,-07:00,2026-04-02T18:42:04-07:00,6,6
resume\index.html,44,html,fdef159c,Nimisha Mishra,2026-04-02,18:42:04,-07:00,2026-04-02T18:42:04-07:00,8,17
resume\index.html,45,html,fdef159c,Nimisha Mishra,2026-04-02,18:42:04,-07:00,2026-04-02T18:42:04-07:00,6,7
resume\index.html,46,html,fdef159c,Nimisha Mishra,2026-04-02,18:42:04,-07:00,2026-04-02T18:42:04-07:00,0,0
resume\index.html,47,html,fdef159c,Nimisha Mishra,2026-04-02,18:42:04,-07:00,2026-04-02T18:42:04-07:00,6,7
resume\index.html,48,html,fdef159c,Nimisha Mishra,2026-04-02,18:42:04,-07:00,2026-04-02T18:42:04-07:00,8,37
resume\index.html,49,html,fdef159c,Nimisha Mishra,2026-04-02,18:42:04,-07:00,2026-04-02T18:42:04-07:00,8,1
resume\index.html,50,html,fdef159c,Nimisha Mishra,2026-04-02,18:42:04,-07:00,2026-04-02T18:42:04-07:00,10,41
resume\index.html,51,html,fdef159c,Nimisha Mishra,2026-04-02,18:42:04,-07:00,2026-04-02T18:42:04-07:00,10,44
resume\index.html,52,html,fdef159c,Nimisha Mishra,2026-04-02,18:42:04,-07:00,2026-04-02T18:42:04-07:00,8,2
resume\index.html,53,html,fdef159c,Nimisha Mishra,2026-04-02,18:42:04,-07:00,2026-04-02T18:42:04-07:00,8,2
resume\index.html,54,html,fdef159c,Nimisha Mishra,2026-04-02,18:42:04,-07:00,2026-04-02T18:42:04-07:00,10,53
resume\index.html,55,html,fdef159c,Nimisha Mishra,2026-04-02,18:42:04,-07:00,2026-04-02T18:42:04-07:00,10,59
resume\index.html,56,html,fdef159c,Nimisha Mishra,2026-04-02,18:42:04,-07:00,2026-04-02T18:42:04-07:00,10,63
resume\index.html,57,html,fdef159c,Nimisha Mishra,2026-04-02,18:42:04,-07:00,2026-04-02T18:42:04-07:00,8,3
resume\index.html,58,html,fdef159c,Nimisha Mishra,2026-04-02,18:42:04,-07:00,2026-04-02T18:42:04-07:00,6,8
resume\index.html,59,html,fdef159c,Nimisha Mishra,2026-04-02,18:42:04,-07:00,2026-04-02T18:42:04-07:00,0,0
resume\index.html,60,html,fdef159c,Nimisha Mishra,2026-04-02,18:42:04,-07:00,2026-04-02T18:42:04-07:00,6,7
resume\index.html,61,html,fdef159c,Nimisha Mishra,2026-04-02,18:42:04,-07:00,2026-04-02T18:42:04-07:00,8,42
resume\index.html,62,html,fdef159c,Nimisha Mishra,2026-04-02,18:42:04,-07:00,2026-04-02T18:42:04-07:00,8,1
resume\index.html,63,html,fdef159c,Nimisha Mishra,2026-04-02,18:42:04,-07:00,2026-04-02T18:42:04-07:00,10,44
resume\index.html,64,html,fdef159c,Nimisha Mishra,2026-04-02,18:42:04,-07:00,2026-04-02T18:42:04-07:00,10,43
resume\index.html,65,html,fdef159c,Nimisha Mishra,2026-04-02,18:42:04,-07:00,2026-04-02T18:42:04-07:00,8,2
resume\index.html,66,html,fdef159c,Nimisha Mishra,2026-04-02,18:42:04,-07:00,2026-04-02T18:42:04-07:00,8,2
resume\index.html,67,html,fdef159c,Nimisha Mishra,2026-04-02,18:42:04,-07:00,2026-04-02T18:42:04-07:00,10,46
resume\index.html,68,html,fdef159c,Nimisha Mishra,2026-04-02,18:42:04,-07:00,2026-04-02T18:42:04-07:00,10,49
resume\index.html,69,html,fdef159c,Nimisha Mishra,2026-04-02,18:42:04,-07:00,2026-04-02T18:42:04-07:00,8,3
resume\index.html,70,html,fdef159c,Nimisha Mishra,2026-04-02,18:42:04,-07:00,2026-04-02T18:42:04-07:00,6,8
resume\index.html,71,html,fdef159c,Nimisha Mishra,2026-04-02,18:42:04,-07:00,2026-04-02T18:42:04-07:00,4,8
resume\index.html,72,html,fdef159c,Nimisha Mishra,2026-04-02,18:42:04,-07:00,2026-04-02T18:42:04-07:00,0,0
resume\index.html,73,html,fdef159c,Nimisha Mishra,2026-04-02,18:42:04,-07:00,2026-04-02T18:42:04-07:00,4,0
resume\index.html,74,html,fdef159c,Nimisha Mishra,2026-04-02,18:42:04,-07:00,2026-04-02T18:42:04-07:00,4,13
resume\index.html,75,html,fdef159c,Nimisha Mishra,2026-04-02,18:42:04,-07:00,2026-04-02T18:42:04-07:00,4,7
resume\index.html,76,html,fdef159c,Nimisha Mishra,2026-04-02,18:42:04,-07:00,2026-04-02T18:42:04-07:00,6,6
resume\index.html,77,html,fdef159c,Nimisha Mishra,2026-04-02,18:42:04,-07:00,2026-04-02T18:42:04-07:00,8,13
resume\index.html,78,html,fdef159c,Nimisha Mishra,2026-04-02,18:42:04,-07:00,2026-04-02T18:42:04-07:00,6,7
resume\index.html,79,html,fdef159c,Nimisha Mishra,2026-04-02,18:42:04,-07:00,2026-04-02T18:42:04-07:00,6,2
resume\index.html,80,html,fdef159c,Nimisha Mishra,2026-04-02,18:42:04,-07:00,2026-04-02T18:42:04-07:00,8,41
resume\index.html,81,html,fdef159c,Nimisha Mishra,2026-04-02,18:42:04,-07:00,2026-04-02T18:42:04-07:00,8,36
resume\index.html,82,html,fdef159c,Nimisha Mishra,2026-04-02,18:42:04,-07:00,2026-04-02T18:42:04-07:00,8,45
resume\index.html,83,html,fdef159c,Nimisha Mishra,2026-04-02,18:42:04,-07:00,2026-04-02T18:42:04-07:00,6,3
resume\index.html,84,html,fdef159c,Nimisha Mishra,2026-04-02,18:42:04,-07:00,2026-04-02T18:42:04-07:00,4,8
resume\index.html,85,html,fdef159c,Nimisha Mishra,2026-04-02,18:42:04,-07:00,2026-04-02T18:42:04-07:00,0,0
resume\index.html,86,html,fdef159c,Nimisha Mishra,2026-04-02,18:42:04,-07:00,2026-04-02T18:42:04-07:00,2,5
resume\index.html,87,html,46a92887,Nimisha Mishra,2026-04-17,15:56:44,-07:00,2026-04-17T15:56:44-07:00,2,56
resume\index.html,88,html,fdef159c,Nimisha Mishra,2026-04-02,18:42:04,-07:00,2026-04-02T18:42:04-07:00,0,5
resume\index.html,89,html,fdef159c,Nimisha Mishra,2026-04-02,18:42:04,-07:00,2026-04-02T18:42:04-07:00,0,5
projects\projects.js,1,js,94959b31,Nimisha Mishra,2026-04-24,16:58:48,-07:00,2026-04-24T16:58:48-07:00,0,55
projects\projects.js,2,js,a1b54ad1,Nimisha Mishra,2026-05-01,15:18:47,-07:00,2026-05-01T15:18:47-07:00,0,63
projects\projects.js,3,js,94959b31,Nimisha Mishra,2026-04-24,16:58:48,-07:00,2026-04-24T16:58:48-07:00,0,0
projects\projects.js,4,js,94959b31,Nimisha Mishra,2026-04-24,16:58:48,-07:00,2026-04-24T16:58:48-07:00,0,55
projects\projects.js,5,js,94959b31,Nimisha Mishra,2026-04-24,16:58:48,-07:00,2026-04-24T16:58:48-07:00,0,60
projects\projects.js,6,js,94959b31,Nimisha Mishra,2026-04-24,16:58:48,-07:00,2026-04-24T16:58:48-07:00,0,0
projects\projects.js,7,js,a1b54ad1,Nimisha Mishra,2026-05-01,15:18:47,-07:00,2026-05-01T15:18:47-07:00,0,56
projects\projects.js,8,js,a1b54ad1,Nimisha Mishra,2026-05-01,15:18:47,-07:00,2026-05-01T15:18:47-07:00,0,65
projects\projects.js,9,js,a1b54ad1,Nimisha Mishra,2026-05-01,15:18:47,-07:00,2026-05-01T15:18:47-07:00,0,0
projects\projects.js,10,js,a1b54ad1,Nimisha Mishra,2026-05-01,15:18:47,-07:00,2026-05-01T15:18:47-07:00,0,13
projects\projects.js,11,js,a1b54ad1,Nimisha Mishra,2026-05-01,15:18:47,-07:00,2026-05-01T15:18:47-07:00,0,22
projects\projects.js,12,js,a1b54ad1,Nimisha Mishra,2026-05-01,15:18:47,-07:00,2026-05-01T15:18:47-07:00,0,0
projects\projects.js,13,js,a1b54ad1,Nimisha Mishra,2026-05-01,15:18:47,-07:00,2026-05-01T15:18:47-07:00,0,59
projects\projects.js,14,js,a1b54ad1,Nimisha Mishra,2026-05-01,15:18:47,-07:00,2026-05-01T15:18:47-07:00,0,49
projects\projects.js,15,js,a1b54ad1,Nimisha Mishra,2026-05-01,15:18:47,-07:00,2026-05-01T15:18:47-07:00,0,0
projects\projects.js,16,js,a1b54ad1,Nimisha Mishra,2026-05-01,15:18:47,-07:00,2026-05-01T15:18:47-07:00,0,30
projects\projects.js,17,js,a1b54ad1,Nimisha Mishra,2026-05-01,15:18:47,-07:00,2026-05-01T15:18:47-07:00,1,35
projects\projects.js,18,js,a1b54ad1,Nimisha Mishra,2026-05-01,15:18:47,-07:00,2026-05-01T15:18:47-07:00,2,61
projects\projects.js,19,js,a1b54ad1,Nimisha Mishra,2026-05-01,15:18:47,-07:00,2026-05-01T15:18:47-07:00,2,42
projects\projects.js,20,js,a1b54ad1,Nimisha Mishra,2026-05-01,15:18:47,-07:00,2026-05-01T15:18:47-07:00,1,1
projects\projects.js,21,js,a1b54ad1,Nimisha Mishra,2026-05-01,15:18:47,-07:00,2026-05-01T15:18:47-07:00,0,0
projects\projects.js,22,js,a1b54ad1,Nimisha Mishra,2026-05-01,15:18:47,-07:00,2026-05-01T15:18:47-07:00,0,0
projects\projects.js,23,js,a1b54ad1,Nimisha Mishra,2026-05-01,15:18:47,-07:00,2026-05-01T15:18:47-07:00,0,23
projects\projects.js,24,js,a1b54ad1,Nimisha Mishra,2026-05-01,15:18:47,-07:00,2026-05-01T15:18:47-07:00,1,35
projects\projects.js,25,js,a1b54ad1,Nimisha Mishra,2026-05-01,15:18:47,-07:00,2026-05-01T15:18:47-07:00,0,0
projects\projects.js,26,js,a1b54ad1,Nimisha Mishra,2026-05-01,15:18:47,-07:00,2026-05-01T15:18:47-07:00,1,26
projects\projects.js,27,js,a1b54ad1,Nimisha Mishra,2026-05-01,15:18:47,-07:00,2026-05-01T15:18:47-07:00,2,57
projects\projects.js,28,js,a1b54ad1,Nimisha Mishra,2026-05-01,15:18:47,-07:00,2026-05-01T15:18:47-07:00,1,0
projects\projects.js,29,js,a1b54ad1,Nimisha Mishra,2026-05-01,15:18:47,-07:00,2026-05-01T15:18:47-07:00,0,0
projects\projects.js,30,js,a1b54ad1,Nimisha Mishra,2026-05-01,15:18:47,-07:00,2026-05-01T15:18:47-07:00,1,48
projects\projects.js,31,js,a1b54ad1,Nimisha Mishra,2026-05-01,15:18:47,-07:00,2026-05-01T15:18:47-07:00,0,0
projects\projects.js,32,js,a1b54ad1,Nimisha Mishra,2026-05-01,15:18:47,-07:00,2026-05-01T15:18:47-07:00,0,0
projects\projects.js,33,js,a1b54ad1,Nimisha Mishra,2026-05-01,15:18:47,-07:00,2026-05-01T15:18:47-07:00,0,38
projects\projects.js,34,js,a1b54ad1,Nimisha Mishra,2026-05-01,15:18:47,-07:00,2026-05-01T15:18:47-07:00,1,75
projects\projects.js,35,js,a1b54ad1,Nimisha Mishra,2026-05-01,15:18:47,-07:00,2026-05-01T15:18:47-07:00,1,78
projects\projects.js,36,js,a1b54ad1,Nimisha Mishra,2026-05-01,15:18:47,-07:00,2026-05-01T15:18:47-07:00,0,0
projects\projects.js,37,js,a1b54ad1,Nimisha Mishra,2026-05-01,15:18:47,-07:00,2026-05-01T15:18:47-07:00,1,42
projects\projects.js,38,js,a1b54ad1,Nimisha Mishra,2026-05-01,15:18:47,-07:00,2026-05-01T15:18:47-07:00,1,29
projects\projects.js,39,js,a1b54ad1,Nimisha Mishra,2026-05-01,15:18:47,-07:00,2026-05-01T15:18:47-07:00,1,34
projects\projects.js,40,js,a1b54ad1,Nimisha Mishra,2026-05-01,15:18:47,-07:00,2026-05-01T15:18:47-07:00,1,30
projects\projects.js,41,js,a1b54ad1,Nimisha Mishra,2026-05-01,15:18:47,-07:00,2026-05-01T15:18:47-07:00,0,0
projects\projects.js,42,js,a1b54ad1,Nimisha Mishra,2026-05-01,15:18:47,-07:00,2026-05-01T15:18:47-07:00,1,28
projects\projects.js,43,js,a1b54ad1,Nimisha Mishra,2026-05-01,15:18:47,-07:00,2026-05-01T15:18:47-07:00,0,0
projects\projects.js,44,js,a1b54ad1,Nimisha Mishra,2026-05-01,15:18:47,-07:00,2026-05-01T15:18:47-07:00,1,39
projects\projects.js,45,js,a1b54ad1,Nimisha Mishra,2026-05-01,15:18:47,-07:00,2026-05-01T15:18:47-07:00,2,47
projects\projects.js,46,js,a1b54ad1,Nimisha Mishra,2026-05-01,15:18:47,-07:00,2026-05-01T15:18:47-07:00,2,3
projects\projects.js,47,js,a1b54ad1,Nimisha Mishra,2026-05-01,15:18:47,-07:00,2026-05-01T15:18:47-07:00,0,0
projects\projects.js,48,js,a1b54ad1,Nimisha Mishra,2026-05-01,15:18:47,-07:00,2026-05-01T15:18:47-07:00,1,52
projects\projects.js,49,js,a1b54ad1,Nimisha Mishra,2026-05-01,15:18:47,-07:00,2026-05-01T15:18:47-07:00,1,35
projects\projects.js,50,js,a1b54ad1,Nimisha Mishra,2026-05-01,15:18:47,-07:00,2026-05-01T15:18:47-07:00,1,47
projects\projects.js,51,js,a1b54ad1,Nimisha Mishra,2026-05-01,15:18:47,-07:00,2026-05-01T15:18:47-07:00,0,0
projects\projects.js,52,js,a1b54ad1,Nimisha Mishra,2026-05-01,15:18:47,-07:00,2026-05-01T15:18:47-07:00,1,24
projects\projects.js,53,js,a1b54ad1,Nimisha Mishra,2026-05-01,15:18:47,-07:00,2026-05-01T15:18:47-07:00,2,1
projects\projects.js,54,js,a1b54ad1,Nimisha Mishra,2026-05-01,15:18:47,-07:00,2026-05-01T15:18:47-07:00,3,13
projects\projects.js,55,js,a1b54ad1,Nimisha Mishra,2026-05-01,15:18:47,-07:00,2026-05-01T15:18:47-07:00,3,13
projects\projects.js,56,js,a1b54ad1,Nimisha Mishra,2026-05-01,15:18:47,-07:00,2026-05-01T15:18:47-07:00,3,22
projects\projects.js,57,js,a1b54ad1,Nimisha Mishra,2026-05-01,15:18:47,-07:00,2026-05-01T15:18:47-07:00,3,51
projects\projects.js,58,js,a1b54ad1,Nimisha Mishra,2026-05-01,15:18:47,-07:00,2026-05-01T15:18:47-07:00,3,18
projects\projects.js,59,js,a1b54ad1,Nimisha Mishra,2026-05-01,15:18:47,-07:00,2026-05-01T15:18:47-07:00,4,32
projects\projects.js,60,js,a1b54ad1,Nimisha Mishra,2026-05-01,15:18:47,-07:00,2026-05-01T15:18:47-07:00,4,63
projects\projects.js,61,js,a1b54ad1,Nimisha Mishra,2026-05-01,15:18:47,-07:00,2026-05-01T15:18:47-07:00,4,35
projects\projects.js,62,js,a1b54ad1,Nimisha Mishra,2026-05-01,15:18:47,-07:00,2026-05-01T15:18:47-07:00,5,47
projects\projects.js,63,js,a1b54ad1,Nimisha Mishra,2026-05-01,15:18:47,-07:00,2026-05-01T15:18:47-07:00,5,3
projects\projects.js,64,js,a1b54ad1,Nimisha Mishra,2026-05-01,15:18:47,-07:00,2026-05-01T15:18:47-07:00,0,0
projects\projects.js,65,js,a1b54ad1,Nimisha Mishra,2026-05-01,15:18:47,-07:00,2026-05-01T15:18:47-07:00,4,19
projects\projects.js,66,js,a1b54ad1,Nimisha Mishra,2026-05-01,15:18:47,-07:00,2026-05-01T15:18:47-07:00,5,66
projects\projects.js,67,js,a1b54ad1,Nimisha Mishra,2026-05-01,15:18:47,-07:00,2026-05-01T15:18:47-07:00,4,20
projects\projects.js,68,js,a1b54ad1,Nimisha Mishra,2026-05-01,15:18:47,-07:00,2026-05-01T15:18:47-07:00,5,24
projects\projects.js,69,js,a1b54ad1,Nimisha Mishra,2026-05-01,15:18:47,-07:00,2026-05-01T15:18:47-07:00,6,60
projects\projects.js,70,js,a1b54ad1,Nimisha Mishra,2026-05-01,15:18:47,-07:00,2026-05-01T15:18:47-07:00,5,0
projects\projects.js,71,js,a1b54ad1,Nimisha Mishra,2026-05-01,15:18:47,-07:00,2026-05-01T15:18:47-07:00,0,0
projects\projects.js,72,js,a1b54ad1,Nimisha Mishra,2026-05-01,15:18:47,-07:00,2026-05-01T15:18:47-07:00,4,13
projects\projects.js,73,js,a1b54ad1,Nimisha Mishra,2026-05-01,15:18:47,-07:00,2026-05-01T15:18:47-07:00,3,1
projects\projects.js,74,js,a1b54ad1,Nimisha Mishra,2026-05-01,15:18:47,-07:00,2026-05-01T15:18:47-07:00,1,1
projects\projects.js,75,js,a1b54ad1,Nimisha Mishra,2026-05-01,15:18:47,-07:00,2026-05-01T15:18:47-07:00,0,0
projects\projects.js,76,js,a1b54ad1,Nimisha Mishra,2026-05-01,15:18:47,-07:00,2026-05-01T15:18:47-07:00,1,24
projects\projects.js,77,js,a1b54ad1,Nimisha Mishra,2026-05-01,15:18:47,-07:00,2026-05-01T15:18:47-07:00,2,4
projects\projects.js,78,js,a1b54ad1,Nimisha Mishra,2026-05-01,15:18:47,-07:00,2026-05-01T15:18:47-07:00,3,11
projects\projects.js,79,js,a1b54ad1,Nimisha Mishra,2026-05-01,15:18:47,-07:00,2026-05-01T15:18:47-07:00,3,76
projects\projects.js,80,js,a1b54ad1,Nimisha Mishra,2026-05-01,15:18:47,-07:00,2026-05-01T15:18:47-07:00,3,38
projects\projects.js,81,js,a1b54ad1,Nimisha Mishra,2026-05-01,15:18:47,-07:00,2026-05-01T15:18:47-07:00,3,68
projects\projects.js,82,js,a1b54ad1,Nimisha Mishra,2026-05-01,15:18:47,-07:00,2026-05-01T15:18:47-07:00,3,18
projects\projects.js,83,js,a1b54ad1,Nimisha Mishra,2026-05-01,15:18:47,-07:00,2026-05-01T15:18:47-07:00,4,55
projects\projects.js,84,js,a1b54ad1,Nimisha Mishra,2026-05-01,15:18:47,-07:00,2026-05-01T15:18:47-07:00,4,35
projects\projects.js,85,js,a1b54ad1,Nimisha Mishra,2026-05-01,15:18:47,-07:00,2026-05-01T15:18:47-07:00,5,49
projects\projects.js,86,js,a1b54ad1,Nimisha Mishra,2026-05-01,15:18:47,-07:00,2026-05-01T15:18:47-07:00,5,3
projects\projects.js,87,js,a1b54ad1,Nimisha Mishra,2026-05-01,15:18:47,-07:00,2026-05-01T15:18:47-07:00,0,0
projects\projects.js,88,js,a1b54ad1,Nimisha Mishra,2026-05-01,15:18:47,-07:00,2026-05-01T15:18:47-07:00,4,19
projects\projects.js,89,js,a1b54ad1,Nimisha Mishra,2026-05-01,15:18:47,-07:00,2026-05-01T15:18:47-07:00,5,62
projects\projects.js,90,js,a1b54ad1,Nimisha Mishra,2026-05-01,15:18:47,-07:00,2026-05-01T15:18:47-07:00,4,20
projects\projects.js,91,js,a1b54ad1,Nimisha Mishra,2026-05-01,15:18:47,-07:00,2026-05-01T15:18:47-07:00,5,22
projects\projects.js,92,js,a1b54ad1,Nimisha Mishra,2026-05-01,15:18:47,-07:00,2026-05-01T15:18:47-07:00,6,58
projects\projects.js,93,js,a1b54ad1,Nimisha Mishra,2026-05-01,15:18:47,-07:00,2026-05-01T15:18:47-07:00,5,0
projects\projects.js,94,js,a1b54ad1,Nimisha Mishra,2026-05-01,15:18:47,-07:00,2026-05-01T15:18:47-07:00,0,0
projects\projects.js,95,js,a1b54ad1,Nimisha Mishra,2026-05-01,15:18:47,-07:00,2026-05-01T15:18:47-07:00,4,13
projects\projects.js,96,js,a1b54ad1,Nimisha Mishra,2026-05-01,15:18:47,-07:00,2026-05-01T15:18:47-07:00,3,1
projects\projects.js,97,js,a1b54ad1,Nimisha Mishra,2026-05-01,15:18:47,-07:00,2026-05-01T15:18:47-07:00,1,1
projects\projects.js,98,js,a1b54ad1,Nimisha Mishra,2026-05-01,15:18:47,-07:00,2026-05-01T15:18:47-07:00,0,0
projects\projects.js,99,js,a1b54ad1,Nimisha Mishra,2026-05-01,15:18:47,-07:00,2026-05-01T15:18:47-07:00,0,0
projects\projects.js,100,js,94959b31,Nimisha Mishra,2026-04-24,16:58:48,-07:00,2026-04-24T16:58:48-07:00,0,48
projects\projects.js,101,js,a1b54ad1,Nimisha Mishra,2026-05-01,15:18:47,-07:00,2026-05-01T15:18:47-07:00,0,23
projects\projects.js,102,js,94959b31,Nimisha Mishra,2026-04-24,16:58:48,-07:00,2026-04-24T16:58:48-07:00,0,0
projects\projects.js,103,js,a1b54ad1,Nimisha Mishra,2026-05-01,15:18:47,-07:00,2026-05-01T15:18:47-07:00,0,55
projects\projects.js,104,js,a1b54ad1,Nimisha Mishra,2026-05-01,15:18:47,-07:00,2026-05-01T15:18:47-07:00,0,48
projects\projects.js,105,js,a1b54ad1,Nimisha Mishra,2026-05-01,15:18:47,-07:00,2026-05-01T15:18:47-07:00,1,25
projects\projects.js,106,js,a1b54ad1,Nimisha Mishra,2026-05-01,15:18:47,-07:00,2026-05-01T15:18:47-07:00,1,37
projects\projects.js,107,js,a1b54ad1,Nimisha Mishra,2026-05-01,15:18:47,-07:00,2026-05-01T15:18:47-07:00,1,23
projects\projects.js,108,js,a1b54ad1,Nimisha Mishra,2026-05-01,15:18:47,-07:00,2026-05-01T15:18:47-07:00,1,13
projects\projects.js,109,js,a1b54ad1,Nimisha Mishra,2026-05-01,15:18:47,-07:00,2026-05-01T15:18:47-07:00,0,1
projects\index.html,1,html,772ba546,Nimisha Mishra,2026-04-01,15:33:22,-07:00,2026-04-01T15:33:22-07:00,0,13
projects\index.html,2,html,772ba546,Nimisha Mishra,2026-04-01,15:33:22,-07:00,2026-04-01T15:33:22-07:00,0,14
projects\index.html,3,html,772ba546,Nimisha Mishra,2026-04-01,15:33:22,-07:00,2026-04-01T15:33:22-07:00,0,4
projects\index.html,4,html,e963f9b2,Nimisha Mishra,2026-04-02,19:09:42,-07:00,2026-04-02T19:09:42-07:00,2,41
projects\index.html,5,html,772ba546,Nimisha Mishra,2026-04-01,15:33:22,-07:00,2026-04-01T15:33:22-07:00,2,20
projects\index.html,6,html,772ba546,Nimisha Mishra,2026-04-01,15:33:22,-07:00,2026-04-01T15:33:22-07:00,2,68
projects\index.html,7,html,ee07ae72,Nimisha Mishra,2026-04-02,18:53:08,-07:00,2026-04-02T18:53:08-07:00,2,21
projects\index.html,8,html,ee07ae72,Nimisha Mishra,2026-04-02,18:53:08,-07:00,2026-04-02T18:53:08-07:00,0,5
projects\index.html,9,html,ee07ae72,Nimisha Mishra,2026-04-02,18:53:08,-07:00,2026-04-02T18:53:08-07:00,0,4
projects\index.html,10,html,94959b31,Nimisha Mishra,2026-04-24,16:58:48,-07:00,2026-04-24T16:58:48-07:00,2,38
projects\index.html,11,html,a1b54ad1,Nimisha Mishra,2026-05-01,15:18:47,-07:00,2026-05-01T15:18:47-07:00,0,0
projects\index.html,12,html,a1b54ad1,Nimisha Mishra,2026-05-01,15:18:47,-07:00,2026-05-01T15:18:47-07:00,2,25
projects\index.html,13,html,a1b54ad1,Nimisha Mishra,2026-05-01,15:18:47,-07:00,2026-05-01T15:18:47-07:00,3,58
projects\index.html,14,html,a1b54ad1,Nimisha Mishra,2026-05-01,15:18:47,-07:00,2026-05-01T15:18:47-07:00,3,22
projects\index.html,15,html,a1b54ad1,Nimisha Mishra,2026-05-01,15:18:47,-07:00,2026-05-01T15:18:47-07:00,2,4
projects\index.html,16,html,a1b54ad1,Nimisha Mishra,2026-05-01,15:18:47,-07:00,2026-05-01T15:18:47-07:00,0,0
projects\index.html,17,html,a1b54ad1,Nimisha Mishra,2026-05-01,15:18:47,-07:00,2026-05-01T15:18:47-07:00,2,4
projects\index.html,18,html,a1b54ad1,Nimisha Mishra,2026-05-01,15:18:47,-07:00,2026-05-01T15:18:47-07:00,3,15
projects\index.html,19,html,a1b54ad1,Nimisha Mishra,2026-05-01,15:18:47,-07:00,2026-05-01T15:18:47-07:00,3,11
projects\index.html,20,html,a1b54ad1,Nimisha Mishra,2026-05-01,15:18:47,-07:00,2026-05-01T15:18:47-07:00,3,26
projects\index.html,21,html,a1b54ad1,Nimisha Mishra,2026-05-01,15:18:47,-07:00,2026-05-01T15:18:47-07:00,3,31
projects\index.html,22,html,a1b54ad1,Nimisha Mishra,2026-05-01,15:18:47,-07:00,2026-05-01T15:18:47-07:00,2,0
projects\index.html,23,html,a1b54ad1,Nimisha Mishra,2026-05-01,15:18:47,-07:00,2026-05-01T15:18:47-07:00,0,0
projects\index.html,24,html,94959b31,Nimisha Mishra,2026-04-24,16:58:48,-07:00,2026-04-24T16:58:48-07:00,2,26
projects\index.html,25,html,94959b31,Nimisha Mishra,2026-04-24,16:58:48,-07:00,2026-04-24T16:58:48-07:00,0,0
projects\index.html,26,html,46a92887,Nimisha Mishra,2026-04-17,15:56:44,-07:00,2026-04-17T15:56:44-07:00,2,56
projects\index.html,27,html,94959b31,Nimisha Mishra,2026-04-24,16:58:48,-07:00,2026-04-24T16:58:48-07:00,2,47
projects\index.html,28,html,772ba546,Nimisha Mishra,2026-04-01,15:33:22,-07:00,2026-04-01T15:33:22-07:00,0,5
projects\index.html,29,html,772ba546,Nimisha Mishra,2026-04-01,15:33:22,-07:00,2026-04-01T15:33:22-07:00,0,5
contact\index.html,1,html,772ba546,Nimisha Mishra,2026-04-01,15:33:22,-07:00,2026-04-01T15:33:22-07:00,0,13
contact\index.html,2,html,772ba546,Nimisha Mishra,2026-04-01,15:33:22,-07:00,2026-04-01T15:33:22-07:00,0,14
contact\index.html,3,html,772ba546,Nimisha Mishra,2026-04-01,15:33:22,-07:00,2026-04-01T15:33:22-07:00,0,4
contact\index.html,4,html,80b8abb4,Nimisha Mishra,2026-04-02,19:08:21,-07:00,2026-04-02T19:08:21-07:00,2,41
contact\index.html,5,html,80b8abb4,Nimisha Mishra,2026-04-02,19:08:21,-07:00,2026-04-02T19:08:21-07:00,2,20
contact\index.html,6,html,772ba546,Nimisha Mishra,2026-04-01,15:33:22,-07:00,2026-04-01T15:33:22-07:00,2,68
contact\index.html,7,html,80b8abb4,Nimisha Mishra,2026-04-02,19:08:21,-07:00,2026-04-02T19:08:21-07:00,2,20
contact\index.html,8,html,80b8abb4,Nimisha Mishra,2026-04-02,19:08:21,-07:00,2026-04-02T19:08:21-07:00,0,5
contact\index.html,9,html,80b8abb4,Nimisha Mishra,2026-04-02,19:08:21,-07:00,2026-04-02T19:08:21-07:00,0,4
contact\index.html,10,html,772ba546,Nimisha Mishra,2026-04-01,15:33:22,-07:00,2026-04-01T15:33:22-07:00,2,14
contact\index.html,11,html,6daf2e1a,Nimisha Mishra,2026-04-01,15:39:43,-07:00,2026-04-01T15:39:43-07:00,2,73
contact\index.html,12,html,6daf2e1a,Nimisha Mishra,2026-04-01,15:39:43,-07:00,2026-04-01T15:39:43-07:00,4,5
contact\index.html,13,html,80b8abb4,Nimisha Mishra,2026-04-02,19:08:21,-07:00,2026-04-02T19:08:21-07:00,6,9
contact\index.html,14,html,80b8abb4,Nimisha Mishra,2026-04-02,19:08:21,-07:00,2026-04-02T19:08:21-07:00,6,40
contact\index.html,15,html,6daf2e1a,Nimisha Mishra,2026-04-01,15:39:43,-07:00,2026-04-01T15:39:43-07:00,4,6
contact\index.html,16,html,6daf2e1a,Nimisha Mishra,2026-04-01,15:39:43,-07:00,2026-04-01T15:39:43-07:00,4,5
contact\index.html,17,html,80b8abb4,Nimisha Mishra,2026-04-02,19:08:21,-07:00,2026-04-02T19:08:21-07:00,6,6
contact\index.html,18,html,80b8abb4,Nimisha Mishra,2026-04-02,19:08:21,-07:00,2026-04-02T19:08:21-07:00,6,29
contact\index.html,19,html,6daf2e1a,Nimisha Mishra,2026-04-01,15:39:43,-07:00,2026-04-01T15:39:43-07:00,4,6
contact\index.html,20,html,6daf2e1a,Nimisha Mishra,2026-04-01,15:39:43,-07:00,2026-04-01T15:39:43-07:00,4,5
contact\index.html,21,html,80b8abb4,Nimisha Mishra,2026-04-02,19:08:21,-07:00,2026-04-02T19:08:21-07:00,6,6
contact\index.html,22,html,80b8abb4,Nimisha Mishra,2026-04-02,19:08:21,-07:00,2026-04-02T19:08:21-07:00,6,59
contact\index.html,23,html,6daf2e1a,Nimisha Mishra,2026-04-01,15:39:43,-07:00,2026-04-01T15:39:43-07:00,4,6
contact\index.html,24,html,6daf2e1a,Nimisha Mishra,2026-04-01,15:39:43,-07:00,2026-04-01T15:39:43-07:00,4,19
contact\index.html,25,html,6daf2e1a,Nimisha Mishra,2026-04-01,15:39:43,-07:00,2026-04-01T15:39:43-07:00,2,5
contact\index.html,26,html,46a92887,Nimisha Mishra,2026-04-17,15:56:44,-07:00,2026-04-17T15:56:44-07:00,2,56
contact\index.html,27,html,772ba546,Nimisha Mishra,2026-04-01,15:33:22,-07:00,2026-04-01T15:33:22-07:00,0,5
contact\index.html,28,html,772ba546,Nimisha Mishra,2026-04-01,15:33:22,-07:00,2026-04-01T15:33:22-07:00,0,5
